S.No,Domain_Name,Expiry_Date,Expiry_Days
0,doveholesbrassband.co.uk/guestbook,,Expired
1,sanjose-seo.net/guestbook,,Expired
2,safentidy.com/guestbook,,Expired
3,ssqn.eu/guestbook,,Expired
4,staceycolemanphotography.com/guestbook.html,,Expired
5,tiproom.net/Guestbook/index.php,,Expired
6,mustapic.net/lazarus/index.php,,Expired
7,muzicprizm.com/guestbook/index.php,,Expired
8,herveyhideout.com/wedding/guestbook/Index.php,,Expired
9,tayramana.com/index.php/guestbook.html,,Expired
10,gb3en.org.uk/guestbook/ddgb.php,,Expired
11,animalhospiceofnyinc.com/guestbook/index.php,,Expired
12,lakesidecollegeluzira.com/guestbook,,Expired
13,funtanes.com/en/guestbook_residence_in_selva.asp?Lang=en,,Expired
14,humanimal.cz/CAS/guestbook.html,,Expired
15,laglientu.com/guestbook,,Expired
16,strasswalchner-krampusse.com/index.php?id=8,,Expired
17,hotelingram.com/en/guestbook_holiday_southtyrol.asp?Lang=en,,Expired
18,gatschol.com/en/guestbook.asp?Lang=en,,Expired
19,jackieleven.co.uk/guest/ddgb.php,,Expired
20,egarter.info/en/guestbook.asp?Lang=en,,Expired
21,forum-template.xtgem.com/guest,,Expired
22,miraortisei.com/en/guestbook_holiday_val_gardena.asp?Lang=en,,Expired
23,nightof100elvises.com/guest-book,,Expired
24,jsb-photography.com/guestbook.html,,Expired
25,bradleyjphotography.net/guestbook.html,,Expired
26,blackworkjourney.co.uk/GuestBook,,Expired
27,jimdees.com/guestbook.html?xsppgb=-2,,Expired
28,5xberingen.be/guestbook/index.php,,Expired
29,ajanlatok.hu/bella,,Expired
30,ciarrasiller.webatu.com/guestbook,,Expired
31,crkokinda.xtreemhost.com/guestbook/index.php,,Expired
32,einarsdottir.com/guestbook/index.php,,Expired
33,fiorella.colorami.com/guestbook/index.php,,Expired
34,girlfriendnetwork.org/guestbook/index.php,,Expired
35,ka8hkc.thesardinis.com/phpGuest,,Expired
36,skiwakeboard.nl/guestbook/index.php,,Expired
37,40plusbelegen.nl/Guestbook/index.php,,Expired
38,albasarah.com/guestbook,,Expired
39,clirik.cn/plus/guestbook.php,,Expired
40,fc521.com/plus/guestbook.php,,Expired
41,heyishiji.net/plus/guestbook.php,,Expired
42,hljjl.com/plus/guestbook.php,,Expired
43,jnsjht.com/plus/guestbook.php,,Expired
44,monogram.cz/guestbook/guestbook.php,,Expired
45,mustardpotmexican.co.uk/index.php,,Expired
46,noackinsuranceagency.com/terr.../index.php,,Expired
47,shanasfashions.net/index.php,,Expired
48,tenshin-ryu.co.uk/cgi-bin/guestbook,,Expired
49,tintomoto.com/gboo/book.php,,Expired
50,zhixiong.sg/autosms/guestbook/index.php,,Expired
51,blog.livedoor.jp/humanity6/archives/51868347.html,,Expired
52,goodreads.com/Review/117553752/comments,,Expired
53,miniaplikace.blueboard.cz/kniha/ikaep558po8nbsufb11fdbbp0o3mjc,,Expired
54,warofdragons.dmax.de/forum/index.php?page=UserGuestbook&userID=54933&entryID=50396,,Expired
55,xiangcunlyzx.com/plus/guestbook.php,,Expired
56,mklub.kzvalmez.cz/yc/kniha-navstev/?page=1,,Expired
57,skasen.net/guestbook,,Expired
58,jhcdjx.com/plus/guestbook.php,,Expired
59,slblain.com/advancedguestbook2/index.php,,Expired
60,hhpack.cn/plus/guestbook/?gotopagerank=&totalresult=61907&nowpage=1,,Expired
61,ycfzsh.com/plus/guestbook.php,,Expired
62,strandslagaanzee.nl/gastebuch_219/index.php,,Expired
63,prekshu.com/gbook/index.php,,Expired
64,zt.agrihx.com/xly2012/plus/guestbook.php,,Expired
65,cosdf.org.cn/plus/guestbook.php,,Expired
66,davidnyrenmasonry.com/guest-book,,Expired
67,thewhiterabbitbookshop.co.uk/guestbook,,Expired
68,hamishsummers.co.uk/guestbook,,Expired
69,minafernando.com/guestbook,,Expired
70,capitalassetprotection.net/guestbook,,Expired
71,jblythe.com/guestbook,,Expired
72,smwycjuniors.info/guestbook,,Expired
73,omegastar.org.uk/guestbook,,Expired
74,safentidy.com/guestbook,,Expired
75,lord-of-blue.de/g%C3%A4stebuch,,Expired
76,tckeith.com/guestbook,,Expired
77,websin.jimdo.com/guestbook,,Expired
78,gwpproject.co.uk/guest-book,,Expired
79,thebuskers.com/1_guestbook.htm,,Expired
80,littleimpressionsphotography.com/guestbook.html,,Expired
81,amerasianphotographyproject.com/guestbook.html,,Expired
82,witchingstickwines.com/guest_book_4.html#,,Expired
83,avaritionxxlversiongaming.de/gb/index.php,,Expired
84,bobharle.com/guestbook/index.php,,Expired
85,prekshu.com/gbook,,Expired
86,abt-kosmetik.de/guestbook,,Expired
87,kirkliston-parish-church.org.uk/guestbook/index.php,,Expired
88,tbtsdc.com/guestbook/index.php,,Expired
89,guidedhelp.net/joomlademo/guestbook?limitstart=2890&long=1,,Expired
90,sergeidanilin.com/Guestbook/index.php?action=message,,Expired
91,jurilovca.tut.su/ru/guestbook,,Expired
92,th16994-web445.server42.vorschauseite.eu/index.php?site=guestbook,,Expired
93,raybethell.com/guestbook/guestbook.asp?page=13,,Expired
94,tayramana.com/index.php/guestbook.html?start=720,,Expired
95,orpheuschoir.com/guestbook.html,,Expired
96,blog.rpmoutdoors.com/guestbook,,Expired
97,jbstarstables.com/guestbook/index.php?mode=1,,Expired
98,gb.dashbill.com/guestbook/index.php?mode=1,,Expired
99,blog.rpmoutdoors.com/guestbook/index.php?mode=1,,Expired
100,guestbook.broughperkins.ca/guestbook/index.php?mode=1,,Expired
101,guestbook.w3ron.com/guestbook/index.php?mode=1,,Expired
102,hanlecofire.org/guestbook/index.php?mode=1,,Expired
103,guestbook.milesrocks.net/guestbook/index.php?mode=1,,Expired
104,mcclenaghan-1960.com/guestbook/index.php?mode=1,,Expired
105,guestbook.reachingforjoy.org/guestbook/index.php?mode=1,,Expired
106,wainscott.us/guestbook/index.php?mode=1,,Expired
107,taketheleadacademy.com/guestbook/index.php?mode=1,,Expired
108,guestbook.shihtzukisses.com/guestbook/index.php?mode=1,,Expired
109,markandesmusic.com/guestbook/index.php?mode=1,,Expired
110,jardinbotanicolasorquideas.com/Comentarios/index.php?mode=1,,Expired
111,carefordolphins.net/gb/index.php?mode=1,,Expired
112,books.khandy.net/guestbook2/index.php?mode=1,,Expired
113,pro-composites.com/guestbook/index.php?mode=1,,Expired
114,cjayrecords.com/gb/index.php?mode=1,,Expired
115,sarimusic.com/guestbook/index.php?mode=1,,Expired
116,theatreforone.com/guestbook/index.php?mode=3&post_id=5347#New,,Expired
117,quibble.de/gaestebuch.php,,Expired
118,pccte.org/gb/index.php?mode=1,,Expired
119,momoshostel.com/guestbook/index.php?mode=1,,Expired
120,katelinder.com/guestbook/index.php?mode=1,,Expired
121,greatscottcycling.com/guestbook/index.php?mode=1,,Expired
122,torkflight.com/guestbook,,Expired
123,eastforkbird.com/page1.php,,Expired
124,jeffreytkastner.com/my-guestbook/guestbook,,Expired
125,www2s.biglobe.ne.jp/~meechan/g_book/g_book.cgi,,Expired
126,adwin.com/wbt/guestbook/g_book.cgi,,Expired
127,fan.hi-ho.ne.jp/cgi-bin/user/abeshi/g_book.cgi,,Expired
128,puni.ne.jp/~cocoa/cgi-bin/keiji/g_book.cgi,,Expired
129,hotel-marcopolo.de/html/gbook1/sign.php,,Expired
130,naiadeproductions.com/fr/guestbook,,Expired
131,breezemount.co.uk/guestbook/ddgb.php,,Expired
132,skyapartments.at/en/contact/gaestebuch/index.html,,Expired
133,"skischule-ostrachtal.de/68-name_gaestebuch,offset_440,maxrows_20.htm",,Expired
134,laglientu.com/guestbook/?from=1130&select=114,,Expired
135,marytuma.com/guestbook.html,,Expired
136,thebombshells.de.dd27620.kasserver.com/cms/index.php/guestbook,,Expired
137,aranis.be/en/guestbook.html,,Expired
138,strasswalchner-krampusse.com/index.php?id=8&cHash=c8dae1510b0867c571c851b6c6b7033c,,Expired
139,rekultivacio.kaposmenti.hu/en/guestbook,,Expired
140,granit.to/guestbook/jax_guestbook.php?guestbook_id=&language=german,,Expired
141,die-smarte-werkstatt.de/system-cgi/guestbook/guestbook.php,,Expired
142,experienceprague.com/gb/index.php,,Expired
143,allin1gh.com/guestbook/index.php?lang=english&skin=&debut=0&seeAdd=&seeNotes=&seeMess=,,Expired
144,lapland-tourist-service.se/gbook/gbook.php?page=1,,Expired
145,kickasschoppers.net/gbook/index.php,,Expired
146,goldendragonasianbistro.com/index.php/about/guestbook,,Expired
147,flipsiderocknroll.co.uk/page10.htm,,Expired
148,schoonershotel.co.uk/page17.htm,,Expired
149,karenjolicoeur.com/guestbook.html,,Expired
150,villamiramonti.com/en/guestbook.asp,,Expired
151,m.guiaflorenca.net/en/guestbook,,Expired
152,contini.at/system-cgi/guestbook/guestbook.php,,Expired
153,lodgemurdostouncastle1096.co.uk/guests/ddgb.php,,Expired
154,jiggscorner.com/Guestbook.php?no_redirect=true&Guestbook_CurrentPageNumber_254995=34,,Expired
155,transportservices.in/Guestbook.php?posted=1,,Expired
156,steveandrichardsafaris.com/guestbook.htm,,Expired
157,artelierphotography.com/guestbook.html,,Expired
158,starelazne.cz/guestbook/strana-2,,Expired
159,gatschol.com/en/guestbook.asp?Lang=en&Page=2,,Expired
160,butterfly-fields.com/guestbook.htm?xsppgb=-2,,Expired
161,rubicondiving.com/en/guestbook.php?hash=f6260a91a9e9e88fe803d53388b187ae&from=,,Expired
162,mbalatours.com/mbala_tours_and_safaris_guestbook.htm#bn-service-top,,Expired
163,jensenfamily.ws/Guestbook,,Expired
164,egarter.info/en/guestbook.asp,,Expired
165,zehentnerhof.it/en/guestbook.asp?Lang=en,,Expired
166,two-in-love.com/gbook/index.php,,Expired
167,miraortisei.com/en/guestbook_holiday_val_gardena.asp,,Expired
168,hotelmalita.it/en/guestbook.asp,,Expired
169,garniserena.it/en/guestbook.asp,,Expired
170,patscreations.ws/Guestbook,,Expired
171,melissaneels.net/guestbook.htm?xsppgb=-2,,Expired
172,cardamommountainresort.com/guestbook/index.php,,Expired
173,snaltnerhof.it/en/guest-book.asp?Lang=en,,Expired
174,nnlbbj.com/plus/guestbook.php,,Expired
175,blackworkjourney.co.uk/GuestBook/ddgb.php,,Expired
179,backlinkfy.com/press-release-distribution,,Expired
180,bizpr.ca,,Expired
183,clickpress.com/releases/index.shtml,,Expired
184,company.digpu.com/pr-news-packages,,Expired
185,directcontactpr.com,,Expired
188,exactrelease.com,,Expired
192,free-news-distribution.com,,Expired
197,highwirepress.com,,Expired
198,cnw.en.mediaroom.com/distribution,,Expired
199,emailwire.com/submit_press_release.php,,Expired
200,nanotech-now.com/submit-press.cgi,,Expired
202,clickpress.com/ui/prices,,Expired
203,keysnews.com/submit-news,,Expired
204,newsbox.com/newswire,,Expired
206,press.abc-directory.com/submit,,Expired
207,pressreleasejet.com/article/marketwired-pricing,,Expired
210,vizrelease.com/press-release-categories,,Expired
212,businesswire.com/portal/site/home,,Expired
213,cgidir.com/submit/submitcontent.html,,Expired
214,daily-chronicle.com/forms/press_release,,Expired
216,findit.com/services/newsandpressreleases,,Expired
222,tmcnet.com/usubmit/news/usubmit.aspx,,Expired
223,top10orfree.com/postafreepressrelease,,Expired
224,vuelio.com/uk/pr-software/news-distribution,,Expired
225,webknowhow.net/submit/submitcontent.html,,Expired
227,i-newswire.com,,Expired
232,newswiretoday.com,,Expired
240,pr9.net,,Expired
245,pressbox.co.uk/cgi-bin/links/add.cgi,,Expired
247,pressreleaseping.com,,Expired
256,prnewswire.com,,Expired
257,prsync.com,,Expired
261,przoom.com,,Expired
265,sbwire.com,,Expired
267,top10orfree.com/postafreepressrelease,,Expired
272,westuc.com/en-us/digital-media/pr-solutions/newswire,,Expired
274,bizcommunity.com/SubmitNews.aspx?l=196&c=11,,Expired
275,tmcnet.com/usubmit/news/usubmit.aspx,,Expired
276,theguardian.com/careers/guardian-careers-guidelines-for-contributors-and-writers,,Expired
277,techcrunch.com/got-a-tip,,Expired
278,fastcompany.com/3008467/guidelines-submitting-contributed-articles-fast-company-and-tips-getting-published,,Expired
279,godaddy.com/garage/contribute,,Expired
280,mashable.com/submit,,Expired
281,blog.hubspot.com/guest-blogging-guidelines,,Expired
282,venturebeat.com/guest-posts,,Expired
283,lifehacker.com/want-to-contribute-to-lifehacker-1174273961,,Expired
284,lodestar.asu.edu/content/write-us,,Expired
285,smashingmagazine.com/write-for-us,,Expired
286,elearnmag.acm.org/write-for-us.cfm,,Expired
287,investing.com/about-us/editorial-guidelines,,Expired
288,babycenter.com/help-contactus,,Expired
289,marketingland.com/how-to-become-a-guest-contributor,,Expired
290,hellogiggles.com/contact,,Expired
291,cafemom.com/about/contribute.php,,Expired
292,creativebloq.com/news/write-creative-bloq-contributor-network-612326,,Expired
293,business2community.com/become-a-contributor,,Expired
294,thekitchn.com/submissions,,Expired
295,lifehack.org/contribute,,Expired
296,fashionista.com/2010/04/like-to-write-like-us-want-to-intern,,Expired
297,tasteofhome.com/help/contributor-guidelines-and-faqs,,Expired
298,yourtango.com/submissions,,Expired
299,biggerpockets.com/contact-us,,Expired
300,biggerpockets.com/renewsblog/write-for-us,,Expired
301,blog.getresponse.com/write-for-us,,Expired
302,boardingarea.com/become-a-blogger,,Expired
303,contactmusic.com/page/writeforus,,Expired
304,webdesignerdepot.com/write-for-us,,Expired
305,allbusiness.com/guest-post-overview,,Expired
306,edutopia.org/about/contact/write-for-edutopia,,Expired
307,hindawi.com/journals/jfq/guidelines,,Expired
308,theloop.ca/write-for-us,,Expired
309,abovethelaw.com/2016/08/how-you-can-write-for-above-the-law,,Expired
310,alistapart.com/about/contribute,,Expired
311,business.com/experts,,Expired
312,gettingsmart.com/gettingsmart/guest-submission-guidelines-and-policies,,Expired
313,socialmediaexaminer.com/writers,,Expired
314,socialmediatoday.com/contribute,,Expired
315,contentmarketinginstitute.com/blog/blog-guidelines,,Expired
316,copyblogger.com/copyblogger-guest-post,,Expired
317,thisiscolossal.com/submissions,,Expired
318,elephantjournal.com/write,,Expired
319,marketingprofs.com/write-for-us,,Expired
320,inspirationfeed.com/guest-writing,,Expired
321,tim.blog/guest-post,,Expired
322,1stwebdesigner.com/about,,Expired
323,activistpost.com/contact-us,,Expired
324,additudemag.com/contact-us/contributors-guidelines,,Expired
325,hostelbookers.com/blog/travel/write-for-us,,Expired
326,jeffbullas.com/writing-process-guidelines,,Expired
327,coschedule.com/blog/write-for-us,,Expired
328,creately.com/blog/write-for-us,,Expired
329,financesonline.com/write-for-us,,Expired
330,wisebread.com/make-money-writing-for-wise-bread,,Expired
331,t-nation.com/support/editorial-guidelines,,Expired
332,workingmother.com/home/working-mother-magazine-writers-guidelines,,Expired
333,mention.com/en/blog/guest-blogging,,Expired
334,socialmediaweek.org/news/write-for-us,,Expired
335,instantshift.com/contribute,,Expired
336,b2bmarketing.net/en-gb/get-involved,,Expired
337,internationalliving.com/about-il/write-for-il,,Expired
338,iwillteachyoutoberich.com/write-a-guest-post-for-i-will-teach-you-to-be-rich,,Expired
339,theplanetd.com/write-for-theplanetd,,Expired
340,articles.bplans.com/authors,,Expired
341,agorapulse.com/write-for-us,,Expired
342,foxnomad.com/about/guest-posts,,Expired
343,thesitsgirls.com/submit-blog-tips,,Expired
344,ideafit.com/publications/author-guidelines,,Expired
345,speckyboy.com/contribute-an-article,,Expired
346,thebark.com/content/submission-guidelines,,Expired
347,mailjet.com/blog/contributor-guidelines,,Expired
348,benchmarkemail.com/blogs/detail/marketing-professionals-write-guest-blogs-for-benchmark-email,,Expired
349,collegefashion.net/write-for-us,,Expired
350,commarts.com/write-us,,Expired
351,fooddive.com/opinion/submit-opinion,,Expired
352,socialmediaexplorer.com/work-with-us,,Expired
353,blog.sonicbids.com/write-for-sonicbids,,Expired
354,disneyfoodblog.com/disney-food-blog-guest-post-guidelines,,Expired
355,edreams.com/blog/write-for-us,,Expired
356,5minutesformom.com/join-our-team,,Expired
357,addicted2success.com/write-for-us,,Expired
358,blog.dlvrit.com/write-for-us,,Expired
359,clutch.co/write-for-us,,Expired
360,dumblittleman.com/submit,,Expired
361,thesempost.com/write-for-us,,Expired
363,blogherald.com/contact-us,,Expired
364,escapeartist.com/write-us,,Expired
365,infed.org/mobi/call-for-contributors,,Expired
366,insteading.com/write-for-us,,Expired
367,startupnation.com/contribute,,Expired
368,blog.mycorporation.com/become-author-mycorporation,,Expired
369,dogsnaturallymagazine.com/contribute,,Expired
370,incomediary.com/write-for-incomediary,,Expired
371,killerstartups.com/guest-posts,,Expired
372,todaysmama.com/write-for-us,,Expired
373,vandelaydesign.com/write-for-us,,Expired
374,livingwellmom.com/get-featured-guest-post-submissions,,Expired
375,alltechbuzz.net/contact,,Expired
376,globalgrasshopper.com/write-for-us,,Expired
377,adoptivefamilies.com/about-us/writers-guidelines,,Expired
378,blog.apps-builder.com/write-for-us-about-mobile-marketing,,Expired
379,foundr.com/contributors-form,,Expired
380,thepienews.com/work-for-us,,Expired
381,tweakyourbiz.com/write-for-tyb,,Expired
382,techwalls.com/become-our-writer,,Expired
383,thebusinesswomanmedia.com/contributor-guidelines,,Expired
384,lightstalking.com/write-for-us,,Expired
385,livingrichwithcoupons.com/about-2/how-to-submit-a-guest-post-on-lrwc,,Expired
386,blog.gopetfriendly.com/guest-posting,,Expired
387,brand24.com/blog/write-for-us,,Expired
388,craftbits.com/write-for-us,,Expired
389,dailyblogtips.com/daily-blog-tips-guest-post-guidelines,,Expired
390,entirelypets.com/guest-blogger.html,,Expired
391,trailrunnermag.com/contributors,,Expired
392,teach.com/blog-guest-post-guidelines,,Expired
393,lovemydress.net/submissions,,Expired
394,daytranslations.com/blog/write-for-us,,Expired
395,graphicdesignjunction.com/write-for-us,,Expired
396,topdesignmag.com/write-for-us,,Expired
397,techwyse.com/write-for-us,,Expired
398,themilitarywallet.com/write-for-military-finance-network,,Expired
399,60secondmarketer.com/guest-post,,Expired
400,theworkathomewoman.com/looking-for-guest-bloggers,,Expired
401,writetodone.com/guest-posts-guidelines,,Expired
402,indesignsecrets.com/write-for-us,,Expired
403,sportsthenandnow.com/write-for-us,,Expired
404,startupbros.com/guest-blogging,,Expired
405,hingemarketing.com/careers/writers,,Expired
406,writersrelief.com/guest-blogging,,Expired
407,well-beingsecrets.com/write-for-us,,Expired
408,mainstreethost.com/contribute,,Expired
409,colocationamerica.com/lets-write,,Expired
410,crazyleafdesign.com/blog/contributors,,Expired
411,edugorilla.com/guest-post,,Expired
412,fatbit.com/fab/write-for-fablog,,Expired
413,jennsblahblahblog.com/guest-blogging,,Expired
414,womenonbusiness.com/write-for-women-on-business/submit-a-guest-post,,Expired
415,attorneyatwork.com/writing-guidelines,,Expired
416,wpkube.com/write-for-us,,Expired
417,abaforlawstudents.com/2016/01/07/write-for-us,,Expired
418,famousbloggers.net/community-news,,Expired
419,sportsnetworker.com/write-for-us,,Expired
420,mamalode.com/write-for-us,,Expired
421,99signals.com/write-for-us,,Expired
422,admin-magazine.com/Write-for-Us,,Expired
423,beabetterblogger.com/write-for-us,,Expired
424,blogsolute.com/guest-post,,Expired
425,wiseshe.com/write-for-wise-she-join-us-now,,Expired
426,makingdifferent.com/write-for-us,,Expired
427,basicblogtips.com/contact,,Expired
428,blogengage.com/blogger/guest-blog,,Expired
429,hellboundbloggers.com/join-hbb,,Expired
430,agencyanalytics.com/blog/write-for-us,,Expired
431,clickfire.com/writers,,Expired
432,geekestateblog.com/contribute,,Expired
433,iblogzone.com/guest-post-guidelines-and-submissions,,Expired
434,techlila.com/write-for-us,,Expired
435,leavingworkbehind.com/guest-post,,Expired
436,blog.blogdash.com/become-contributor,,Expired
437,branddrivendigital.com/write-for-us,,Expired
438,cosmobc.com/write-for-us,,Expired
439,divestopedia.com/about/contributors,,Expired
440,techiedrive.com/write-us,,Expired
441,thenextscoop.com/write-for-us,,Expired
442,blog.linkody.com/write-for-us,,Expired
443,careermetis.com/write-for-us-guest-post,,Expired
444,techmaish.com/write-for-us,,Expired
445,socialmediastrategiessummit.com/get-involved/write-for-us.html,,Expired
446,dealermarketing.com/write-for-us,,Expired
447,knowledgehut.com/blog/write-for-us,,Expired
448,webalive.com.au/write-for-us,,Expired
449,socialmediarevolver.com/guest-posts,,Expired
450,acodez.in/blog/write-for-us,,Expired
451,blog.rankingbyseo.com/write-for-us,,Expired
452,chatterbuzzmedia.com/write-for-us,,Expired
453,bitcatcha.com/write-for-us,,Expired
454,dailyseoblog.com/contact/write-us,,Expired
455,fearlessflyer.com/contribute,,Expired
456,growthrocks.com/write-for-us,,Expired
457,healthresource4u.com/write-for-us,,Expired
458,intheknowtraveler.com/about-us/submission-guidelines,,Expired
459,yuvayana.org/write-for-us,,Expired
460,zigverve.com/write-for-us,,Expired
461,mangools.com/blog/write-for-us,,Expired
462,beatingbroke.com/write-for-us,,Expired
463,business.yocale.com/write-for-us,,Expired
464,webhostingonedollar.com/write-for-us,,Expired
465,techjeny.org/write-for-us,,Expired
466,bloggodown.com/write-for-us,,Expired
467,itechcode.com/join-itechcode,,Expired
468,techibhai.com/write-for-us,,Expired
469,idigic.net/write-for-us,,Expired
470,digitaltechnology.institute/blog/submit-guest-post-write-for-us,,Expired
471,technogiants.net/write-us,,Expired
472,elsner.com/write-for-us,,Expired
473,speckygeek.com/write-for-us,,Expired
474,themient.com/contribute,,Expired
475,ingeniumweb.com/write-for-us,,Expired
476,area19delegate.org/write-for-us,,Expired
477,intenseblog.com/write-for-us,,Expired
478,webtrafficroi.com/guest-post,,Expired
479,completeconnection.ca/write-for-us,,Expired
480,wphostingdiscount.com/guest-author,,Expired
481,supremacyseo.com/Write-For-Us,,Expired
482,highdefgeek.com/write-for-us,,Expired
483,equinetacademy.com/become-contributor-write-us,,Expired
484,linkbuildingcorp.com/write-for-us.html,,Expired
485,carekees.com/write-for-us,,Expired
486,digitalvtech.com/write-for-us,,Expired
487,kayzoe.com/write-for-us,,Expired
488,financewand.com/write-for-us,,Expired
489,whoisessay.com/write-for-us-submit-guest-post,,Expired
490,helixdigital.com.au/write-for-us,,Expired
491,business.linkedin.com/marketing-solutions/linkedin-pages,,Expired
492,facebook.com/pages/create,,Expired
493,bing.com/maps,,Expired
496,business.foursquare.com/claim,,Expired
498,quora.com/business,,Expired
