loc,lastmod,sitemap,sitemap_size_mb,download_date
https://hrfcreation.blogspot.com/2022/08/create-web-based-chatbot-in-python.html,2022-08-06 08:45:11+00:00,https://hrfcreation.blogspot.com/sitemap.xml,0.0044536590576171875,2023-04-04 06:13:51.397573+00:00
https://hrfcreation.blogspot.com/2020/07/fundamentals-of-testing-for-applications.html,2020-07-01 17:53:14+00:00,https://hrfcreation.blogspot.com/sitemap.xml,0.0044536590576171875,2023-04-04 06:13:51.397573+00:00
https://hrfcreation.blogspot.com/2020/06/make-passive-income-without-experience.html,2020-06-25 17:35:52+00:00,https://hrfcreation.blogspot.com/sitemap.xml,0.0044536590576171875,2023-04-04 06:13:51.397573+00:00
https://hrfcreation.blogspot.com/2020/06/aws-certified-cloud-practitioner-from.html,2020-06-25 17:28:54+00:00,https://hrfcreation.blogspot.com/sitemap.xml,0.0044536590576171875,2023-04-04 06:13:51.397573+00:00
https://hrfcreation.blogspot.com/2020/06/blog-post.html,2020-06-25 17:13:00+00:00,https://hrfcreation.blogspot.com/sitemap.xml,0.0044536590576171875,2023-04-04 06:13:51.397573+00:00
https://hrfcreation.blogspot.com/2020/06/how-to-create-recaptcha-for-your-website.html,2020-06-25 16:23:16+00:00,https://hrfcreation.blogspot.com/sitemap.xml,0.0044536590576171875,2023-04-04 06:13:51.397573+00:00
https://hrfcreation.blogspot.com/2020/06/build-your-app-with-java.html,2020-06-22 18:11:14+00:00,https://hrfcreation.blogspot.com/sitemap.xml,0.0044536590576171875,2023-04-04 06:13:51.397573+00:00
https://hrfcreation.blogspot.com/2020/06/ai-on-microcontroller.html,2020-06-22 17:28:13+00:00,https://hrfcreation.blogspot.com/sitemap.xml,0.0044536590576171875,2023-04-04 06:13:51.397573+00:00
https://hrfcreation.blogspot.com/2020/06/chatbasechatbotanalytics.html,2020-06-21 17:09:25+00:00,https://hrfcreation.blogspot.com/sitemap.xml,0.0044536590576171875,2023-04-04 06:13:51.397573+00:00
https://hrfcreation.blogspot.com/2020/06/sslcexamsmarkcalculator2020.html,2020-06-21 16:50:42+00:00,https://hrfcreation.blogspot.com/sitemap.xml,0.0044536590576171875,2023-04-04 06:13:51.397573+00:00
https://hrfcreation.blogspot.com/2020/06/school-year-end-submission-forms.html,2020-06-21 16:45:03+00:00,https://hrfcreation.blogspot.com/sitemap.xml,0.0044536590576171875,2023-04-04 06:13:51.397573+00:00
https://hrfcreation.blogspot.com/2020/06/covid-medical-kit-required-at-home.html,2020-06-17 17:37:41+00:00,https://hrfcreation.blogspot.com/sitemap.xml,0.0044536590576171875,2023-04-04 06:13:51.397573+00:00
https://hrfcreation.blogspot.com/2020/04/web-development.html,2020-04-19 02:41:51+00:00,https://hrfcreation.blogspot.com/sitemap.xml,0.0044536590576171875,2023-04-04 06:13:51.397573+00:00
https://hrfcreation.blogspot.com/2020/04/big-data.html,2020-04-16 09:59:05+00:00,https://hrfcreation.blogspot.com/sitemap.xml,0.0044536590576171875,2023-04-04 06:13:51.397573+00:00
https://hrfcreation.blogspot.com/2020/04/seo.html,2020-04-11 11:48:15+00:00,https://hrfcreation.blogspot.com/sitemap.xml,0.0044536590576171875,2023-04-04 06:13:51.397573+00:00
https://hrfcreation.blogspot.com/2020/04/current-affairs-1.html,2020-04-16 08:24:17+00:00,https://hrfcreation.blogspot.com/sitemap.xml,0.0044536590576171875,2023-04-04 06:13:51.397573+00:00
https://hrfcreation.blogspot.com/2020/04/covid-19-economy.html,2020-04-18 12:46:53+00:00,https://hrfcreation.blogspot.com/sitemap.xml,0.0044536590576171875,2023-04-04 06:13:51.397573+00:00
https://hrfcreation.blogspot.com/2020/04/instagram-followers.html,2020-04-06 07:04:29+00:00,https://hrfcreation.blogspot.com/sitemap.xml,0.0044536590576171875,2023-04-04 06:13:51.397573+00:00
https://hrfcreation.blogspot.com/2019/12/st-thomas-mount.html,2020-04-07 03:41:40+00:00,https://hrfcreation.blogspot.com/sitemap.xml,0.0044536590576171875,2023-04-04 06:13:51.397573+00:00
https://hrfcreation.blogspot.com/2019/12/salt-water-engine-power-of-idea.html,2020-04-06 07:06:16+00:00,https://hrfcreation.blogspot.com/sitemap.xml,0.0044536590576171875,2023-04-04 06:13:51.397573+00:00
https://hrfcreation.blogspot.com/2019/12/seo.html,2020-04-07 03:35:40+00:00,https://hrfcreation.blogspot.com/sitemap.xml,0.0044536590576171875,2023-04-04 06:13:51.397573+00:00
https://hrfcreation.blogspot.com/2019/12/attract-anything-you-want-instantly.html,2020-02-17 17:15:09+00:00,https://hrfcreation.blogspot.com/sitemap.xml,0.0044536590576171875,2023-04-04 06:13:51.397573+00:00
https://hrfcreation.blogspot.com/2019/12/one-plus-7t.html,2020-02-17 17:15:09+00:00,https://hrfcreation.blogspot.com/sitemap.xml,0.0044536590576171875,2023-04-04 06:13:51.397573+00:00
https://hrfcreation.blogspot.com/2019/12/amazon-affiliate-website.html,2020-02-19 15:13:08+00:00,https://hrfcreation.blogspot.com/sitemap.xml,0.0044536590576171875,2023-04-04 06:13:51.397573+00:00
https://hrfcreation.blogspot.com/2019/12/directors-office-address.html,2020-02-17 17:15:09+00:00,https://hrfcreation.blogspot.com/sitemap.xml,0.0044536590576171875,2023-04-04 06:13:51.397573+00:00
https://hrfcreation.blogspot.com/2019/11/trb-polytechnic-lecturer-recruitment.html,2020-02-17 17:15:09+00:00,https://hrfcreation.blogspot.com/sitemap.xml,0.0044536590576171875,2023-04-04 06:13:51.397573+00:00
https://hrfcreation.blogspot.com/2019/11/zoho-off-campus-2020.html,2020-02-17 17:15:09+00:00,https://hrfcreation.blogspot.com/sitemap.xml,0.0044536590576171875,2023-04-04 06:13:51.397573+00:00
https://hrfcreation.blogspot.com/2019/11/zoho-university.html,2020-02-17 17:15:09+00:00,https://hrfcreation.blogspot.com/sitemap.xml,0.0044536590576171875,2023-04-04 06:13:51.397573+00:00
https://hrfcreation.blogspot.com/2019/11/cinema-chance.html,2020-04-07 03:36:14+00:00,https://hrfcreation.blogspot.com/sitemap.xml,0.0044536590576171875,2023-04-04 06:13:51.397573+00:00
https://hrfcreation.blogspot.com/2019/11/ai-artificial-intelligence.html,2020-04-06 07:11:24+00:00,https://hrfcreation.blogspot.com/sitemap.xml,0.0044536590576171875,2023-04-04 06:13:51.397573+00:00
https://hrfcreation.blogspot.com/2019/11/aws-amazon-web-service.html,2020-02-17 17:15:09+00:00,https://hrfcreation.blogspot.com/sitemap.xml,0.0044536590576171875,2023-04-04 06:13:51.397573+00:00
https://hrfcreation.blogspot.com/2019/11/learn-python-easily.html,2020-03-06 14:27:34+00:00,https://hrfcreation.blogspot.com/sitemap.xml,0.0044536590576171875,2023-04-04 06:13:51.397573+00:00
https://hrfcreation.blogspot.com/2019/11/digital-marketing-mastery-course.html,2020-02-17 17:15:09+00:00,https://hrfcreation.blogspot.com/sitemap.xml,0.0044536590576171875,2023-04-04 06:13:51.397573+00:00
https://hrfcreation.blogspot.com/2019/08/hello-guys-this-video-is-dedicated-to.html,2020-02-17 17:15:09+00:00,https://hrfcreation.blogspot.com/sitemap.xml,0.0044536590576171875,2023-04-04 06:13:51.397573+00:00
https://hrfcreation.blogspot.com/2019/08/one-mothers-story.html,2020-02-17 17:15:09+00:00,https://hrfcreation.blogspot.com/sitemap.xml,0.0044536590576171875,2023-04-04 06:13:51.397573+00:00
