Status_Code,URL,Message
200,https://www.texantool.com/store/Janitorial-Equipment/Cleaning-Products/Glass-Cleaners,No error. No redirect.
200,https://www.texantool.com/store/Hand-Tools/Pliers-and-Cutters/Cable-and-Wire-Rope-Cutters,No error. No redirect.
200,https://www.texantool.com/store/Material-Handling/Storage/Jobsite-Cabinets,No error. No redirect.
200,https://www.texantool.com/store/Hand-Tools/Staplers-and-Riveters/Riveters,No error. No redirect.
200,https://www.texantool.com/store/Hand-Tools/Screwdrivers-and-Nutdrivers/Nutdriver-Sets,No error. No redirect.
200,https://www.texantool.com/store/Marking-Tools,No error. No redirect.
200,https://www.texantool.com/store/Material-Handling/Hoists-and-Winches/Hoists-and-Pullers,No error. No redirect.
200,https://www.texantool.com/store/Janitorial-Equipment/Personal-Hygiene/Hand-Sanitizers,No error. No redirect.
200,https://www.texantool.com/store/Safety-and-Security/Spill-Control-Safety/Sorbents,No error. No redirect.
200,https://www.texantool.com/store/MRO-Supplies,No error. No redirect.
200,https://www.texantool.com/report-website-issues.html,No error. No redirect.
200,https://www.texantool.com/store/Abrasives/Bonded-Abrasives/Bonded-Abrasive-Parts-and-Accessories,No error. No redirect.
200,https://www.texantool.com/store/Hand-Tools/Chisels-Punches-and-Pins/Punch-and-Chisel-Sets,No error. No redirect.
200,https://www.texantool.com/store/Hand-Tools/Multi-Purpose-Hand-Tool-Sets,No error. No redirect.
200,https://www.texantool.com/store/Hand-Tools/Files/Needle-Files,No error. No redirect.
200,https://www.texantool.com/store/Safety-and-Security/Locking-Devices/Lockouts-and-Hasps,No error. No redirect.
200,https://www.texantool.com/store/Hand-Tools/Screwdrivers-and-Nutdrivers/Interchangable-Drivers,No error. No redirect.
200,https://www.texantool.com/store/Pneumatics/Finishing-Tools/Pneumatic-Engravers,No error. No redirect.
200,https://www.texantool.com/store/Welding-Supplies/Torch-and-Weed-Burners,No error. No redirect.
200,https://www.texantool.com/store/Hand-Tools/Wedges,No error. No redirect.
200,https://www.texantool.com/store/MRO-Supplies/Automotive-Maintenance-Products/Booster-Cables,No error. No redirect.
200,https://www.texantool.com/store/Hand-Tools/Insert-Bits-and-Holders/Phillips-Bits,No error. No redirect.
200,https://www.texantool.com/store/Material-Handling/Storage,No error. No redirect.
200,https://www.texantool.com/store/Pneumatics/Finishing-Tools/Pneumatic-Pad-Sanders,No error. No redirect.
200,https://www.texantool.com/store/Hand-Tools/Reaming-and-Deburring-Tools,No error. No redirect.
200,https://www.texantool.com/store/Pneumatics/Drilling-and-Fastening-Tools/Pneumatic-Nailer-Parts-and-Accessories,No error. No redirect.
200,https://www.texantool.com/store/Hand-Tools/Screwdrivers-and-Nutdrivers/Phillips-Screwdrivers,No error. No redirect.
200,https://www.texantool.com/store/Marking-Tools/Soapstones,No error. No redirect.
200,https://www.texantool.com/user_type.html,No error. No redirect.
200,https://www.texantool.com/store/Welding-Supplies/Filler-Metals,No error. No redirect.
200,https://www.texantool.com/store/Power-Tools/Cordless-Tool-Batteries-and-Chargers/Batteries-Cordless-Tool,No error. No redirect.
200,https://www.texantool.com/store/Welding-Supplies/Welding-and-Cutting-Accessories/Cylinder-and-Caps,No error. No redirect.
200,https://www.texantool.com/store/Hand-Tools/Putty-Knives-and-Scrapers/Scrapers-and-Putty-Knives,No error. No redirect.
200,https://www.texantool.com/store/Safety-and-Security/Eye-Protection/Safety-Glass-Parts-and-Accessories,No error. No redirect.
200,https://www.texantool.com/store/Janitorial-Equipment/Mopping-Products,No error. No redirect.
200,https://www.texantool.com/store/Power-Tools/Heating-Tools/Heat-Guns-and-Torches,No error. No redirect.
200,https://www.texantool.com/store/Pneumatics/Demolition-Tools/Pneumatic-Riveting-Hammers,No error. No redirect.
200,https://www.texantool.com/store/Material-Handling/Carts-and-Trucks/Hand-Trucks,No error. No redirect.
200,https://www.texantool.com/store/Hand-Tools/Screwdrivers-and-Nutdrivers/Insulated-Screwdriver-and-Nutdriver-Sets,No error. No redirect.
200,https://www.texantool.com/store/Hand-Tools/Prying-Tools/Bars,No error. No redirect.
200,https://www.texantool.com/store/Safety-and-Security/First-Aid-Safety,No error. No redirect.
200,https://www.texantool.com/store/Hand-Tools/Shears-Scissors-and-Snips/Snips,No error. No redirect.
200,https://www.texantool.com/store/Welding-Supplies/Welding-and-Cutting-Accessories/Cable-Covers,No error. No redirect.
200,https://www.texantool.com/store/Welding-Supplies/Gas-Cutting-and-Welding,No error. No redirect.
200,https://www.texantool.com/store/Material-Handling/Carts-and-Trucks/Tilt-Carts,No error. No redirect.
200,https://www.texantool.com/store/Hand-Tools/Screwdrivers-and-Nutdrivers/Torx-Screwdrivers,No error. No redirect.
200,https://www.texantool.com/store/Safety-and-Security/Head-Face-Protection/Winter-Liners-and-Hoods,No error. No redirect.
200,https://www.texantool.com/store/Power-Tools/Cordless-Tool-Batteries-and-Chargers/Battery-Chargers,No error. No redirect.
200,https://www.texantool.com/store/Material-Handling/Carts-and-Trucks/Truck-Wheels,No error. No redirect.
200,https://www.texantool.com/store/Welding-Supplies/Welding-and-Cutting-Accessories/Welding-Cables-and-Power-Cables,No error. No redirect.
200,https://www.texantool.com/store/Hand-Tools/Chisels-Punches-and-Pins,No error. No redirect.
200,https://www.texantool.com/store/Hand-Tools/Tool-Storage/Tool-Carts,No error. No redirect.
200,https://www.texantool.com/store/Hand-Tools/Screwdrivers-and-Nutdrivers/Screwdriver-Sets,No error. No redirect.
200,https://www.texantool.com/store/Power-Tools/Cutting-Tools/Circular-Saws,No error. No redirect.
200,https://www.texantool.com/store/MRO-Supplies/Covering-Products/Plastic-Sheeting,No error. No redirect.
200,https://www.texantool.com/store/Hand-Tools/Files/Mill-Files,No error. No redirect.
200,https://www.texantool.com/store/Safety-and-Security/Traffic-Safety/Safety-Signs,No error. No redirect.
200,https://www.texantool.com/store/Welding-Supplies/Welding-and-Cutting-Accessories,No error. No redirect.
200,https://www.texantool.com/store/Marking-Tools/Labeling-Tools,No error. No redirect.
200,https://www.texantool.com/store/Hand-Tools/Multi-Purpose-Hand-Tool-Sets/Multi-Purpose-Tool-Sets,No error. No redirect.
200,https://www.texantool.com/store/Marking-Tools/Labeling-Tool-Parts-and-Accessories,No error. No redirect.
200,https://www.texantool.com/store/Safety-and-Security/Ergonomic-Protection/Elbow-Pads,No error. No redirect.
200,https://www.texantool.com/store/Safety-and-Security/Spill-Control-Safety/Pallets,No error. No redirect.
200,https://www.texantool.com/store/Safety-and-Security/Heat-Stress-Protection/Activity-Drinks,No error. No redirect.
200,https://www.texantool.com/store/Hand-Tools/Pipe-Threading-Equipment/Tap-Wrenches,No error. No redirect.
200,https://www.texantool.com/store/Marking-Tools/Pencils,No error. No redirect.
200,https://www.texantool.com/store/Hand-Tools/Pullers-and-Sets/Pullers,No error. No redirect.
200,https://www.texantool.com/store/Foodservice-Supplies/Cooler-and-Chest-Parts-and-Accessories,No error. No redirect.
200,https://www.texantool.com/store/Pneumatics/Compressors-Blow-Guns-Hoses-and-Fittings/Blow-Guns,No error. No redirect.
200,https://www.texantool.com/store/Hand-Tools/Staplers-and-Riveters,No error. No redirect.
200,https://www.texantool.com/store/Welding-Supplies/Welding-and-Cutting-Accessories/Heat-Barriers,No error. No redirect.
200,https://www.texantool.com/store/Safety-and-Security/Eye-Protection/Safety-Goggles,No error. No redirect.
200,https://www.texantool.com/store/MRO-Supplies/Maintenance-and-Repair-Parts/Shim-Sets,No error. No redirect.
200,https://www.texantool.com/store/HVAC/Air-Cooling-Equipment/Fans,No error. No redirect.
200,https://www.texantool.com/store/Adhesives-Sealants-and-Tapes,No error. No redirect.
200,https://www.texantool.com/store/Welding-Supplies/Welding-and-Cutting-Accessories/Furnaces,No error. No redirect.
200,https://www.texantool.com/store/Hand-Tools/Pipe-Threading-Equipment/Groovers,No error. No redirect.
200,https://www.texantool.com/store/Safety-and-Security/Respiratory-Protection/Respirator-Fit-Testing,No error. No redirect.
200,https://www.texantool.com/store/Power-Tools/Cutting-Tools/Reciprocating-Saws,No error. No redirect.
200,https://www.texantool.com/store/Janitorial-Equipment/Mopping-Products/Mop-Heads,No error. No redirect.
200,https://www.texantool.com/store/Pneumatics/Compressors-Blow-Guns-Hoses-and-Fittings/Air-Hoses,No error. No redirect.
200,https://www.texantool.com/store/HVAC/Heating-Equipment/Infrared-and-Radiant-Heaters,No error. No redirect.
200,https://www.texantool.com/store/Safety-and-Security/Locking-Devices/Lock-Boxes,No error. No redirect.
200,https://www.texantool.com/store/Safety-and-Security/Traffic-Safety/Safety-Vests,No error. No redirect.
200,https://www.texantool.com/store/Material-Handling/Carts-and-Trucks/Cylinder-Cart-Parts-and-Accessories,No error. No redirect.
200,https://www.texantool.com/store/Electrical-Tools,No error. No redirect.
200,https://www.texantool.com/store/Safety-and-Security/Ear-Protection,No error. No redirect.
200,https://www.texantool.com/store/MRO-Supplies/Automotive-Maintenance-Products/Fiberglass-Repair-Kits,No error. No redirect.
200,https://www.texantool.com/store/Janitorial-Equipment/Waste-Receptacles,No error. No redirect.
200,https://www.texantool.com/store/Material-Handling,No error. No redirect.
200,https://www.texantool.com/store/Welding-Supplies/Welding-and-Cutting-Accessories/Plasma-Cutters,No error. No redirect.
200,https://www.texantool.com/store/Hand-Tools/Pipe-Threading-Equipment/Taps-and-Dies,No error. No redirect.
200,https://www.texantool.com/store/Marking-Tools/Markers,No error. No redirect.
200,https://www.texantool.com/store/Hand-Tools/Tool-Storage/Tool-Chests,No error. No redirect.
200,https://www.texantool.com/store/Hand-Tools/Tool-Storage,No error. No redirect.
200,https://www.texantool.com/store/Welding-Supplies/Welding-and-Cutting-Accessories/Spark-Lighter-and-Flints,No error. No redirect.
200,https://www.texantool.com/store/Janitorial-Equipment/Personal-Hygiene/Toilet-Seat-Covers,No error. No redirect.
200,https://www.texantool.com/store/Safety-and-Security/Head-Face-Protection,No error. No redirect.
200,https://www.texantool.com/store/Welding-Supplies/Welding-and-Cutting-Accessories/Water-Circulators-and-Coolants,No error. No redirect.
200,https://www.texantool.com/store/Material-Handling/Stands-and-Ramps,No error. No redirect.
200,https://www.texantool.com/store/Hand-Tools/Crimping-and-Stripping-Tools,No error. No redirect.
200,https://www.texantool.com/store/Hand-Tools/Pipe-Threading-Equipment/Pipe-Wrench-Parts-and-Accessories,No error. No redirect.
200,https://www.texantool.com/store/Welding-Supplies/Welding-and-Cutting-Accessories/Cable-Connectors-and-Lugs,No error. No redirect.
200,https://www.texantool.com/store/Pneumatics/Demolition-Tools/Pneumatic-Scaler-Parts-and-Accessories,No error. No redirect.
200,https://www.texantool.com/store/Material-Handling/Carts-and-Trucks/Utility-Carts,No error. No redirect.
200,https://www.texantool.com/store/Hand-Tools/Shears-Scissors-and-Snips/Shears-and-Scissors,No error. No redirect.
200,https://www.texantool.com/store/Welding-Supplies/Exothermic-Cutting,No error. No redirect.
200,https://www.texantool.com/store/MRO-Supplies/Tubing/Gage-Glass,No error. No redirect.
200,https://www.texantool.com/store/Janitorial-Equipment/Pails-and-Tubs,No error. No redirect.
200,https://www.texantool.com/store/Janitorial-Equipment/Mopping-Products/Squeegees,No error. No redirect.
200,https://www.texantool.com/store/Hand-Tools/Lawn-and-Garden-Tools,No error. No redirect.
200,https://www.texantool.com/store/Safety-and-Security/Traffic-Safety,No error. No redirect.
200,https://www.texantool.com/store/Marking-Tools/Tags,No error. No redirect.
200,https://www.texantool.com/terms-of-service.html,No error. No redirect.
200,https://www.texantool.com/store/Hand-Tools/Pipe-Threading-Equipment/Threaders-Powered-Accessories,No error. No redirect.
200,https://www.texantool.com/store/Power-Tools/Drilling-and-Fastening-Tools/Drill-Presses,No error. No redirect.
200,https://www.texantool.com/store/Measuring-and-Leveling-Tools/Gauges-Gages/Feeler-and-Pitch-Gauge-Sets,No error. No redirect.
200,https://www.texantool.com/store/Welding-Supplies/Soldering-and-Brazing,No error. No redirect.
200,https://www.texantool.com/store/Hand-Tools/Extractors-and-Sets,No error. No redirect.
200,https://www.texantool.com/store/Safety-and-Security/Traffic-Safety/Safety-Guards-and-Protectors,No error. No redirect.
200,https://www.texantool.com/store/Marking-Tools/Stencil-Sets,No error. No redirect.
200,https://www.texantool.com/store/Power-Tools/Multi-Purpose-Power-Tools/Combo-Kits-Cordless,No error. No redirect.
200,https://www.texantool.com/store/Hand-Tools/Pipe-Threading-Equipment/Pipe-Bevellers,No error. No redirect.
200,https://www.texantool.com/store/Hand-Tools/Clamps-and-Vises,No error. No redirect.
200,https://www.texantool.com/store/Janitorial-Equipment/Mopping-Products/Mop-Buckets,No error. No redirect.
200,https://www.texantool.com/store/Marking-Tools/Soapstone-Holders,No error. No redirect.
200,https://www.texantool.com/store/Safety-and-Security/Respiratory-Protection/Disposable-Respirators,No error. No redirect.
200,https://www.texantool.com/store/Welding-Supplies/Welding-and-Cutting-Accessories/Plasma-Cutter-Parts,No error. No redirect.
200,https://www.texantool.com/store/Safety-and-Security/Fire-Gas-and-Water-Protection/Vapor-Monitors,No error. No redirect.
200,https://www.texantool.com/store/Hand-Tools/Extractors-and-Sets/Extractors,No error. No redirect.
200,https://www.texantool.com/store/Marking-Tools/Marker-Holders,No error. No redirect.
200,https://www.texantool.com/store/Material-Handling/Chain-Cable-Rope-and-Accessories/Chains,No error. No redirect.
200,https://www.texantool.com/store/Hand-Tools/Tool-Storage/Tool-Boxes,No error. No redirect.
200,https://www.texantool.com/store/Safety-and-Security/Head-Face-Protection/Faceshields-and-Visors,No error. No redirect.
200,https://www.texantool.com/store/Hand-Tools/Pipe-Threading-Equipment/Threaders-Powered,No error. No redirect.
200,https://www.texantool.com/store/Pneumatics/Finishing-Tools/Pneumatic-Die-Grinders,No error. No redirect.
200,https://www.texantool.com/store/Material-Handling/Chain-Cable-Rope-and-Accessories/Hooks,No error. No redirect.
200,https://www.texantool.com/store/Power-Tools/Drilling-and-Fastening-Tools/Crimpers,No error. No redirect.
200,https://www.texantool.com/store/Welding-Supplies/Welding-and-Cutting-Accessories/Welding-Hose-and-Compressed-Gas-Fittings,No error. No redirect.
200,https://www.texantool.com/store/Hand-Tools/Reaming-and-Deburring-Tools/Reamers-and-Deburring-Tools,No error. No redirect.
200,https://www.texantool.com/store/Welding-Supplies/Welding-and-Cutting-Accessories/Tip-Cleaners,No error. No redirect.
200,https://www.texantool.com/store/Pumps/Pumping-Equipment/Water-and-Solvent-Pumps,No error. No redirect.
200,https://www.texantool.com/store/Pneumatics/Demolition-Tools/Pneumatic-Scalers,No error. No redirect.
200,https://www.texantool.com/store/Hand-Tools/Pipe-Threading-Equipment/Threaders-Manual-Accessories,No error. No redirect.
200,https://www.texantool.com/store/Janitorial-Equipment/Brushing-and-Sweeping-Products,No error. No redirect.
200,https://www.texantool.com/store/Hand-Tools/Hex-Torx-and-Spline-Keys,No error. No redirect.
200,https://www.texantool.com/store/Safety-and-Security/Foot-Protection/Boots-and-Shoes,No error. No redirect.
200,https://www.texantool.com/store/Hand-Tools/Screwdrivers-and-Nutdrivers,No error. No redirect.
200,https://www.texantool.com/store/Hand-Tools/Files/Flat-Files,No error. No redirect.
200,https://www.texantool.com/store/Janitorial-Equipment/Vacuum-Parts-and-Accessories,No error. No redirect.
200,https://www.texantool.com/store/Welding-Supplies/Welding-and-Cutting-Accessories/Welding-Cable-and-Hose-Reels,No error. No redirect.
200,https://www.texantool.com/store/Hand-Tools/Pipe-Threading-Equipment,No error. No redirect.
200,https://www.texantool.com/store/Hand-Tools/Files/Farrier-Rasps,No error. No redirect.
200,https://www.texantool.com/store/Hand-Tools/Pipe-Threading-Equipment/Tap-and-Die-Sets,No error. No redirect.
200,https://www.texantool.com/store/Material-Handling/Carts-and-Trucks,No error. No redirect.
200,https://www.texantool.com/store/Material-Handling/Jacks-Lifts-and-Hydraulics/Jacks,No error. No redirect.
200,https://www.texantool.com/store/Safety-and-Security/Fire-Gas-and-Water-Protection/Fire-and-Gas-Protection-Parts-and-Accessories,No error. No redirect.
200,https://www.texantool.com/store/Janitorial-Equipment/Waste-Receptacles/Trash-Can-Liners,No error. No redirect.
200,https://www.texantool.com/sign-up.html,No error. No redirect.
200,https://www.texantool.com/store/Power-Tools/Heating-Tools/Soldering-Guns,No error. No redirect.
200,https://www.texantool.com/store/Welding-Supplies/Welding-and-Cutting-Accessories/Centering-Heads,No error. No redirect.
200,https://www.texantool.com/store/Hand-Tools/Pliers-and-Cutters/Slip-Joint-Pliers,No error. No redirect.
200,https://www.texantool.com/store/Safety-and-Security/Ergonomic-Protection,No error. No redirect.
200,https://www.texantool.com/store/Janitorial-Equipment/Cleaning-Products/Disinfectants,No error. No redirect.
200,https://www.texantool.com/store/Power-Tools/Heating-Tools/Soldering-Stations,No error. No redirect.
200,https://www.texantool.com/store/Material-Handling/Chain-Cable-Rope-and-Accessories/Wire-Rope-Attachments,No error. No redirect.
200,https://www.texantool.com/store/HVAC/Heating-Equipment/Forced-Air-Heaters,No error. No redirect.
200,https://www.texantool.com/store/Welding-Supplies/Manual-Welding,No error. No redirect.
200,https://www.texantool.com/store/Hand-Tools/Scribers-Pin-Vises-and-Pick-Sets,No error. No redirect.
200,https://www.texantool.com/store/Welding-Supplies/Welding-and-Cutting-Accessories/Ground-Clamps,No error. No redirect.
200,https://www.texantool.com/store/HVAC/Heating-Equipment/Convection-Heaters,No error. No redirect.
200,https://www.texantool.com/store/Hand-Tools/Pliers-and-Cutters/Nippers,No error. No redirect.
200,https://www.texantool.com/store/Abrasives/Bonded-Abrasives/Resin-Bonded-Abrasives,No error. No redirect.
200,https://www.texantool.com/store/Welding-Supplies/Tig-Welding,No error. No redirect.
200,https://www.texantool.com/store/Material-Handling/Chain-Cable-Rope-and-Accessories/Shackles,No error. No redirect.
200,https://www.texantool.com/store/Hand-Tools/Prying-Tools,No error. No redirect.
200,https://www.texantool.com/store/Janitorial-Equipment/Brushing-and-Sweeping-Products/Brushes-and-Brooms,No error. No redirect.
200,https://www.texantool.com/store/Hand-Tools/Staplers-and-Riveters/Staplers,No error. No redirect.
200,https://www.texantool.com/store/Safety-and-Security/Eye-Protection,No error. No redirect.
200,https://www.texantool.com/store/Pneumatics/Finishing-Tools/Pneumatic-Belt-Sanders,No error. No redirect.
200,https://www.texantool.com/store/Welding-Supplies/Welding-and-Cutting-Accessories/Welding-Hoses,No error. No redirect.
200,https://www.texantool.com/store/Hand-Tools/Staplers-and-Riveters/Staples-and-Nails,No error. No redirect.
200,https://www.texantool.com/store/Hand-Tools/Pliers-and-Cutters/Fencing-Pliers,No error. No redirect.
200,https://www.texantool.com/store/Power-Tools/Finishing-Tools/Engravers,No error. No redirect.
200,https://www.texantool.com/store/Safety-and-Security/Head-Face-Protection/Hard-Hats-and-Caps,No error. No redirect.
200,https://www.texantool.com/store/Power-Tools/Finishing-Tools/Grinders,No error. No redirect.
200,https://www.texantool.com/store/Safety-and-Security/Traffic-Safety/Safety-Fences,No error. No redirect.
200,https://www.texantool.com/store/Pumps/Pumping-Equipment/Diaphragm-Pumps,No error. No redirect.
200,https://www.texantool.com/store/Safety-and-Security/Respiratory-Protection/Escape-Respirators,No error. No redirect.
200,https://www.texantool.com/store/Janitorial-Equipment/Brushing-and-Sweeping-Products/Brush-and-Broom-Handles,No error. No redirect.
200,https://www.texantool.com/store/Safety-and-Security/Respiratory-Protection,No error. No redirect.
200,https://www.texantool.com/store/Hand-Tools/Files/File-Sets,No error. No redirect.
200,https://www.texantool.com/store/Hand-Tools/Pliers-and-Cutters/Retaining-Ring-Pliers,No error. No redirect.
200,https://www.texantool.com/store/Safety-and-Security/Fire-Gas-and-Water-Protection/Detector-Parts-and-Accessories,No error. No redirect.
200,https://www.texantool.com/store/Material-Handling/Jacks-Lifts-and-Hydraulics/Hydraulic-Tools,No error. No redirect.
200,https://www.texantool.com/store/Janitorial-Equipment/Waste-Receptacles/Dollies,No error. No redirect.
200,https://www.texantool.com/store/Power-Tools/Hammer-Drilling-and-Demolition-Tools/Rotary-Hammers,No error. No redirect.
200,https://www.texantool.com/store/Welding-Supplies/Welding-and-Cutting-Accessories/Welding-Clamps-Spreaders-and-Holders,No error. No redirect.
200,https://www.texantool.com/store/Hand-Tools/Knives-and-Multi-Purpose-Tools,No error. No redirect.
200,https://www.texantool.com/store/Welding-Supplies/Welding-and-Cutting-Accessories/Cylinder-Pliers-and-Wrenches,No error. No redirect.
200,https://www.texantool.com/store/MRO-Supplies/Fittings-and-Accessories/Fittings,No error. No redirect.
200,https://www.texantool.com/store/Hand-Tools/Pliers-and-Cutters/Retaining-Ring-Plier-Sets,No error. No redirect.
200,https://www.texantool.com/store/Hand-Tools/Files/Half-Round-Files,No error. No redirect.
200,https://www.texantool.com/store/Janitorial-Equipment/Personal-Hygiene/Personal-Wipes,No error. No redirect.
200,https://www.texantool.com/store/Safety-and-Security/Eye-Protection/Safety-Glasses,No error. No redirect.
200,https://www.texantool.com/store/Hand-Tools/Pliers-and-Cutters/Tongue-and-Groove-Pliers,No error. No redirect.
200,https://www.texantool.com/store/Safety-and-Security/Fire-Gas-and-Water-Protection,No error. No redirect.
200,https://www.texantool.com/store/Hand-Tools/Putty-Knives-and-Scrapers,No error. No redirect.
200,https://www.texantool.com/store/Pneumatics/Cutting-Tools/Pneumatic-Reciprocating-Saws,No error. No redirect.
200,https://www.texantool.com/store/Hand-Tools/Handsaws-and-Sets,No error. No redirect.
200,https://www.texantool.com/Contact-us.html,No error. No redirect.
200,https://www.texantool.com/store/Janitorial-Equipment/Waste-Receptacles/Trash-Cans,No error. No redirect.
200,https://www.texantool.com/store/Hand-Tools/Pliers-and-Cutters/Needle-Nose-Pliers,No error. No redirect.
200,https://www.texantool.com/store/Safety-and-Security/Locking-Devices/Padlocks-and-Cables,No error. No redirect.
200,https://www.texantool.com/store/Hand-Tools/Hammers-Sledges-Mallets-and-Axes,No error. No redirect.
200,https://www.texantool.com/store/Safety-and-Security/Fire-Gas-and-Water-Protection/Detectors,No error. No redirect.
200,https://www.texantool.com/store/Material-Handling/Hoists-and-Winches/Stretchers,No error. No redirect.
200,https://www.texantool.com/store/Welding-Supplies/Welding-and-Cutting-Accessories/Cutting-and-Burning-Guides,No error. No redirect.
200,https://www.texantool.com/store/Safety-and-Security/Traffic-Safety/Safety-Cones,No error. No redirect.
200,https://www.texantool.com/store/Pumps/Pumping-Equipment/Grease-and-Oil-Pumps,No error. No redirect.
200,https://www.texantool.com/store/Marking-Tools/Crayons,No error. No redirect.
200,https://www.texantool.com/store/Pneumatics/Finishing-Tools/Pneumatic-Straight-Grinders,No error. No redirect.
200,https://www.texantool.com/store/Janitorial-Equipment/Waste-Receptacles/Trash-Can-Accessories,No error. No redirect.
200,https://www.texantool.com/store/Hand-Tools/Pliers-and-Cutters/Linemans-Pliers,No error. No redirect.
200,https://www.texantool.com/store/Janitorial-Equipment/Personal-Hygiene,No error. No redirect.
200,https://www.texantool.com/store/Measuring-and-Leveling-Tools/Gauges-Gages/Wire-Gages,No error. No redirect.
200,https://www.texantool.com/store/Hand-Tools/Bending-and-Flaring-Tools/Flaring-and-Swaging-Tools,No error. No redirect.
200,https://www.texantool.com/store/Welding-Supplies/Mig-Welding,No error. No redirect.
200,https://www.texantool.com/store/Welding-Supplies/Welding-and-Cutting-Accessories/Rod-Holders,No error. No redirect.
200,https://www.texantool.com/store/Safety-and-Security/Fire-Gas-and-Water-Protection/Fire-Extinguishers,No error. No redirect.
200,https://www.texantool.com/store/Material-Handling/Chain-Cable-Rope-and-Accessories/Rope-Line-and-Twine,No error. No redirect.
200,https://www.texantool.com/store/Safety-and-Security/Fall-Protection,No error. No redirect.
200,https://www.texantool.com/store/Power-Tools/Cutting-Tools/Handsaws-and-Hacksaws,No error. No redirect.
200,https://www.texantool.com/store/Safety-and-Security/Traffic-Safety/Safety-Tapes,No error. No redirect.
200,https://www.texantool.com/store/Janitorial-Equipment/Personal-Hygiene/Hand-Cleaners,No error. No redirect.
200,https://www.texantool.com/store/Hand-Tools/Pliers-and-Cutters/Diagonal-Pliers,No error. No redirect.
200,https://www.texantool.com/store/Material-Handling/Chain-Cable-Rope-and-Accessories/Wire-Ropes,No error. No redirect.
200,https://www.texantool.com/store/Material-Handling/Chain-Cable-Rope-and-Accessories/Load-Binders,No error. No redirect.
200,https://www.texantool.com/store/Hand-Tools/Bending-and-Flaring-Tools/Hand-Benders,No error. No redirect.
200,https://www.texantool.com/store/Safety-and-Security/Ergonomic-Protection/Back-Supports,No error. No redirect.
200,https://www.texantool.com/store/Hand-Tools/Wrenches,No error. No redirect.
200,https://www.texantool.com/store/Material-Handling/Carts-and-Trucks/Cylinder-Carts-and-Trucks,No error. No redirect.
200,https://www.texantool.com/store/Hand-Tools/Retrieving-Tools,No error. No redirect.
200,https://www.texantool.com/store/Safety-and-Security/Ergonomic-Protection/Wrist-and-Arm-Supports,No error. No redirect.
200,https://www.texantool.com/store/Hand-Tools/Pullers-and-Sets,No error. No redirect.
200,https://www.texantool.com/store/Safety-and-Security/Respiratory-Protection/Disposable-Respirator-Parts-and-Accessories,No error. No redirect.
200,https://www.texantool.com/store/Material-Handling/Carts-and-Trucks/Pallet-Trucks,No error. No redirect.
200,https://www.texantool.com/store/Safety-and-Security/Heat-Stress-Protection/Hydration-Packs-and-Vests,No error. No redirect.
200,https://www.texantool.com/store/Hand-Tools/Pliers-and-Cutters/Locking-Plier-Sets,No error. No redirect.
200,https://www.texantool.com/store/Pneumatics/Finishing-Tools/Pneumatic-Angle-Grinders,No error. No redirect.
200,https://www.texantool.com/store/Material-Handling/Chain-Cable-Rope-and-Accessories/Lifting-Clamps,No error. No redirect.
200,https://www.texantool.com/store/Welding-Supplies/Arc-Gouging,No error. No redirect.
200,https://www.texantool.com/store/Hand-Tools/Bending-and-Flaring-Tools,No error. No redirect.
200,https://www.texantool.com/store/Safety-and-Security/Head-Face-Protection/Welding-Helmet-Parts-and-Accessories,No error. No redirect.
200,https://www.texantool.com/store/Hand-Tools/Pliers-and-Cutters/Tubing-Cutter-Parts-and-Accessories,No error. No redirect.
200,https://www.texantool.com/store/Welding-Supplies/Welding-and-Cutting-Accessories/Welding-Umbrellas,No error. No redirect.
200,https://www.texantool.com/store/Janitorial-Equipment/Mopping-Products/Mops,No error. No redirect.
200,https://www.texantool.com/store/Safety-and-Security/Locking-Devices,No error. No redirect.
200,https://www.texantool.com/store/Janitorial-Equipment/Mopping-Products/Mop-and-Squeegee-Handles,No error. No redirect.
200,https://www.texantool.com/store/Welding-Supplies/Plasma-Cutting,No error. No redirect.
200,https://www.texantool.com/store/Hand-Tools/Pliers-and-Cutters/Pipe-Cutters,No error. No redirect.
200,https://www.texantool.com/store/Welding-Supplies/Welding-and-Cutting-Accessories/Welding-Blankets-Curtains-and-Rolls,No error. No redirect.
200,https://www.texantool.com/store/Janitorial-Equipment/Cleaning-Products/Dishwashing-Cleaners,No error. No redirect.
200,https://www.texantool.com/store/Welding-Supplies/Welding-and-Cutting-Accessories/Anti-Spatter-and-Chemicals,No error. No redirect.
200,https://www.texantool.com/store/Janitorial-Equipment/Personal-Hygiene/Feminine-Product-Disposal,No error. No redirect.
200,https://www.texantool.com/store/Hand-Tools/Pliers-and-Cutters,No error. No redirect.
200,https://www.texantool.com/store/Hand-Tools/Hex-Torx-and-Spline-Keys/Hex-Key-Sets,No error. No redirect.
200,https://www.texantool.com/store/Safety-and-Security/Fire-Gas-and-Water-Protection/Testers,No error. No redirect.
200,https://www.texantool.com/store/Hand-Tools/Prying-Tools/Bar-Sets,No error. No redirect.
200,https://www.texantool.com/store/Pneumatics/Drilling-and-Fastening-Tools/Pneumatic-Drills,No error. No redirect.
200,https://www.texantool.com/store/Hand-Tools/Pliers-and-Cutters/Bolt-and-Chain-Cutter-Parts-and-Accessories,No error. No redirect.
200,https://www.texantool.com/store/Marking-Tools/Chalk,No error. No redirect.
200,https://www.texantool.com/store/Hand-Tools/Sockets-Ratchets-Adaptors-and-Extensions,No error. No redirect.
200,https://www.texantool.com/store/Material-Handling/Storage/Jobsite-Boxes,No error. No redirect.
200,https://www.texantool.com/store/Power-Tools/Finishing-Tools/Rotary-Tools,No error. No redirect.
200,https://www.texantool.com/store/Material-Handling/Chain-Cable-Rope-and-Accessories/Links,No error. No redirect.
200,https://www.texantool.com/store/Safety-and-Security/Head-Face-Protection/Hard-Hat-and-Cap-Parts-and-Accessories,No error. No redirect.
200,https://www.texantool.com/store/Hand-Tools/Pliers-and-Cutters/Specialty-Cutters,No error. No redirect.
200,https://www.texantool.com/store/Power-Tools/Finishing-Tools/Sanders,No error. No redirect.
200,https://www.texantool.com/store/MRO-Supplies/Automotive-Maintenance-Products/Battery-Clamps,No error. No redirect.
200,https://www.texantool.com/store/Hand-Tools/Shears-Scissors-and-Snips,No error. No redirect.
200,https://www.texantool.com/store/Safety-and-Security/Foot-Protection,No error. No redirect.
200,https://www.texantool.com/store/Marking-Tools/Chalk-Reels,No error. No redirect.
200,https://www.texantool.com/store/Safety-and-Security/Spill-Control-Safety,No error. No redirect.
200,https://www.texantool.com/store/Marking-Tools/Marker-Sets,No error. No redirect.
200,https://www.texantool.com/store/Janitorial-Equipment/Waste-Receptacles/Cigarette-Disposal,No error. No redirect.
200,https://www.texantool.com/store/Hand-Tools/Files,No error. No redirect.
200,https://www.texantool.com/store/Chemicals-Lubricants-and-Paints,No error. No redirect.
200,https://www.texantool.com/store/Hand-Tools/Chisels-Punches-and-Pins/Punch-and-Chisel-Parts-and-Accessories,No error. No redirect.
200,https://www.texantool.com/store/Abrasives/Coated-Abrasives/Coated-Flap-Disc-Abrasives,No error. No redirect.
200,https://www.texantool.com/store/Pneumatics/Compressors-Blow-Guns-Hoses-and-Fittings/Air-Hose-Fittings,No error. No redirect.
200,https://www.texantool.com/store/Power-Tools/Drilling-and-Fastening-Tools/Drills,No error. No redirect.
200,https://www.texantool.com/store/Hand-Tools/Extractors-and-Sets/Extractor-Sets,No error. No redirect.
200,https://www.texantool.com/store/Hand-Tools/Pliers-and-Cutters/Tubing-Cutters,No error. No redirect.
200,https://www.texantool.com/store/HVAC/Air-Cooling-Equipment,No error. No redirect.
200,https://www.texantool.com/store/Power-Tools/Heating-Tools/Soldering-Irons,No error. No redirect.
200,https://www.texantool.com/store/Safety-and-Security/Spill-Control-Safety/Sorbent-Kits,No error. No redirect.
200,https://www.texantool.com/store/Hand-Tools/Chisels-Punches-and-Pins/Chisels,No error. No redirect.
200,https://www.texantool.com/store/Measuring-and-Leveling-Tools/Gauges-Gages/Specialty-Gages,No error. No redirect.
200,https://www.texantool.com/store/Safety-and-Security/Heat-Stress-Protection/Bandannas,No error. No redirect.
200,https://www.texantool.com/store/Material-Handling/Ladders-Platforms-and-Scaffolding/Ladders,No error. No redirect.
200,https://www.texantool.com/store/Safety-and-Security/Head-Face-Protection/Welding-Helmets,No error. No redirect.
200,https://www.texantool.com/store/Janitorial-Equipment/Cleaning-Products/Detergents,No error. No redirect.
200,https://www.texantool.com/store/Hand-Tools/Pliers-and-Cutters/Locking-Plier-Parts-and-Accessories,No error. No redirect.
200,https://www.texantool.com/store/Power-Tools/Cutting-Tools/Chop-and-Cut-Off-Saws,No error. No redirect.
200,https://www.texantool.com/store/Material-Handling/Chain-Cable-Rope-and-Accessories/Straps-and-Bungee-Cords,No error. No redirect.
200,https://www.texantool.com/store/HVAC/Heating-Equipment,No error. No redirect.
200,https://www.texantool.com/store/Janitorial-Equipment/Cleaning-Products/Floor-and-Carpet-Cleaners,No error. No redirect.
200,https://www.texantool.com/store/Hand-Tools/Files/Round-Files,No error. No redirect.
200,https://www.texantool.com/store/Welding-Supplies/Welding-and-Cutting-Accessories/Dry-Rod-Oven-Parts,No error. No redirect.
200,https://www.texantool.com/store/Hand-Tools/Putty-Knives-and-Scrapers/Scraper-Parts-and-Accessories,No error. No redirect.
200,https://www.texantool.com/store/Pneumatics/Drilling-and-Fastening-Tools/Pneumatic-Impact-Wrenches,No error. No redirect.
200,https://www.texantool.com/store/Safety-and-Security/Eye-Protection/Safety-Goggles-Protection-Parts-and-Accessories,No error. No redirect.
200,https://www.texantool.com/store/Hand-Tools/Pliers-and-Cutters/Tongue-and-Groove-Plier-Sets,No error. No redirect.
200,https://www.texantool.com/store/Hand-Tools/Insert-Bits-and-Holders,No error. No redirect.
200,https://www.texantool.com/store/Power-Tools/Cutting-Tools/Band-Saws,No error. No redirect.
200,https://www.texantool.com/store/Janitorial-Equipment/Wiping-Products/Tissues,No error. No redirect.
200,https://www.texantool.com/store/MRO-Supplies/Automotive-Maintenance-Products/Battery-Chargers-and-Starting-Systems,No error. No redirect.
200,https://www.texantool.com/store/Safety-and-Security/Respiratory-Protection/Powered-Air-and-Supplied-Air-Systems,No error. No redirect.
200,https://www.texantool.com/store/Safety-and-Security/Heat-Stress-Protection,No error. No redirect.
200,https://www.texantool.com/store/Foodservice-Supplies/Baking-Soda,No error. No redirect.
200,https://www.texantool.com/store/Pneumatics/Compressors-Blow-Guns-Hoses-and-Fittings/Air-Compressors,No error. No redirect.
200,https://www.texantool.com/store/Hand-Tools/Pliers-and-Cutters/Strap-Cutters,No error. No redirect.
200,https://www.texantool.com/store/Janitorial-Equipment/Wiping-Products/Sponges-and-Hand-Pads,No error. No redirect.
200,https://www.texantool.com/store/Material-Handling/Storage/Storage-Containers,No error. No redirect.
200,https://www.texantool.com/store/Hand-Tools/Scribers-Pin-Vises-and-Pick-Sets/Scribers,No error. No redirect.
200,https://www.texantool.com/Wishlist.html,No error. No redirect.
200,https://www.texantool.com/store/Safety-and-Security/Ergonomic-Protection/Knee-Pads,No error. No redirect.
200,https://www.texantool.com/store/Foodservice-Supplies/Paper-and-Plastic-Bags,No error. No redirect.
200,https://www.texantool.com/store/Safety-and-Security/Locking-Devices/Security-Seals,No error. No redirect.
200,https://www.texantool.com/store/Safety-and-Security/Traffic-Safety/Safety-Flags-and-Pennants,No error. No redirect.
200,https://www.texantool.com/store/Measuring-and-Leveling-Tools/Gauges-Gages/Pressure-Gauges,No error. No redirect.
200,https://www.texantool.com/store/Safety-and-Security/Heat-Stress-Protection/Sweat-Bands,No error. No redirect.
200,https://www.texantool.com/store/Pneumatics/Drilling-and-Fastening-Tools/Pneumatic-Ratchet-Wrenches,No error. No redirect.
200,https://www.texantool.com/store/Janitorial-Equipment/Brushing-and-Sweeping-Products/Dust-Pans,No error. No redirect.
200,https://www.texantool.com/store/Power-Tools/Drilling-and-Fastening-Tools/Wrenches,No error. No redirect.
200,https://www.texantool.com/store/Janitorial-Equipment/Wiping-Products/Towels-and-Wipers,No error. No redirect.
200,https://www.texantool.com/store/Safety-and-Security/Foot-Protection/Footwear-Covers,No error. No redirect.
200,https://www.texantool.com/store/MRO-Supplies/Covering-Products/Tarps,No error. No redirect.
200,https://www.texantool.com/store/Safety-and-Security/Head-Face-Protection/Welder-Caps-and-Doo-Rags,No error. No redirect.
200,https://www.texantool.com/store/Measuring-and-Leveling-Tools,No error. No redirect.
200,https://www.texantool.com/store/Safety-and-Security/Traffic-Safety/Safety-Tags,No error. No redirect.
200,https://www.texantool.com/store/Hand-Tools/Pullers-and-Sets/Puller-Sets,No error. No redirect.
200,https://www.texantool.com/store/Power-Tools/Drilling-and-Fastening-Tools/Screwdrivers,No error. No redirect.
200,https://www.texantool.com/store/Welding-Supplies/Welding-and-Cutting-Accessories/Dry-Rod-Ovens,No error. No redirect.
200,https://www.texantool.com/store/Material-Handling/Carts-and-Trucks/Drum-Dollies-and-Racks,No error. No redirect.
200,https://www.texantool.com/store/HVAC/Air-Cooling-Equipment/Air-Blowers,No error. No redirect.
200,https://www.texantool.com/store/Marking-Tools/Temperature-Indicators,No error. No redirect.
200,https://www.texantool.com/store/Pumps,No error. No redirect.
200,https://www.texantool.com/store/Safety-and-Security/Traffic-Safety/Anti-Skid-Treads,No error. No redirect.
200,https://www.texantool.com/store/Hand-Tools/Hand-Tool-Organizers-and-Belts,No error. No redirect.
200,https://www.texantool.com/store/Safety-and-Security/Ear-Protection/Earplug-Parts-and-Accessories,No error. No redirect.
200,https://www.texantool.com/store/Safety-and-Security/Hand-Protection/Hand-Pads-and-Warmers,No error. No redirect.
200,https://www.texantool.com/store/Chemicals-Lubricants-and-Paints/Leak-Detectors-and-Penetrants/Magnetic-Particles,No error. No redirect.
200,https://www.texantool.com/store/Chemicals-Lubricants-and-Paints/Cleaning-Products/Cleaning-Products-Accessories,No error. No redirect.
200,https://www.texantool.com/store/Abrasives,No error. No redirect.
200,https://www.texantool.com/store/Fasteners-Clamps-and-Straps/Strapping-Products/Tie-Wire,No error. No redirect.
200,https://www.texantool.com/store/Hand-Tools/Lawn-and-Garden-Tools/Water-Hose-Parts-and-Accessories,No error. No redirect.
200,https://www.texantool.com/store/Adhesives-Sealants-and-Tapes/Sealing-Products/Threadlockers,No error. No redirect.
200,https://www.texantool.com/store/Adhesives-Sealants-and-Tapes/Adhesive-Products/Putty,No error. No redirect.
200,https://www.texantool.com/store/Electrical-Tools/Meters,No error. No redirect.
200,https://www.texantool.com/store/Chemicals-Lubricants-and-Paints/Leak-Detectors-and-Penetrants/Surface-Irregularity-Testing-Product-Accessories,No error. No redirect.
200,https://www.texantool.com/store/Electrical-and-Lighting,No error. No redirect.
200,https://www.texantool.com/store/Electrical-Tools/Wire-Pulling-Grips,No error. No redirect.
200,https://www.texantool.com/store/Safety-and-Security/Clothing-Protection/Coats-and-Jackets,No error. No redirect.
200,https://www.texantool.com/store/Hand-Tools/Lawn-and-Garden-Tools/Probes,No error. No redirect.
200,https://www.texantool.com/store/Welding-Supplies/Manual-Welding/Electrode-Holders,No error. No redirect.
200,https://www.texantool.com/store/Hand-Tools/Pliers-and-Cutters/Bolt-and-Chain-Cutters,No error. No redirect.
200,https://www.texantool.com/store/Power-Tools,No error. No redirect.
200,https://www.texantool.com/store/Chemicals-Lubricants-and-Paints/Cleaning-Products/Cleaners-and-Degreasers,No error. No redirect.
200,https://www.texantool.com/store/Safety-and-Security/Clothing-Protection/Aprons,No error. No redirect.
200,https://www.texantool.com/store/Chemicals-Lubricants-and-Paints/Leak-Detectors-and-Penetrants/Penetrants,No error. No redirect.
200,https://www.texantool.com/store/Chemicals-Lubricants-and-Paints/Paint-and-Paint-Supplies/Paint-Stripers,No error. No redirect.
200,https://www.texantool.com/store/Adhesives-Sealants-and-Tapes/Sealing-Products/Caulk-Guns,No error. No redirect.
200,https://www.texantool.com/store/Adhesives-Sealants-and-Tapes/Adhesive-Products,No error. No redirect.
200,https://www.texantool.com/store/Hand-Tools/Wrenches/Adjustable-Wrenches,No error. No redirect.
200,https://www.texantool.com/store/Welding-Supplies/Gas-Cutting-and-Welding/Regulators-and-Flowmeters,No error. No redirect.
200,https://www.texantool.com/store/Safety-and-Security/Clothing-Protection/Sleeves-and-Bibs,No error. No redirect.
200,https://www.texantool.com/store/Foodservice-Supplies/Coolers-and-Chests,No error. No redirect.
200,https://www.texantool.com/store/Chemicals-Lubricants-and-Paints/Paint-and-Paint-Supplies/Inks,No error. No redirect.
200,https://www.texantool.com/store/Material-Handling/Rollers,No error. No redirect.
200,https://www.texantool.com/store/Power-Tools/Heating-Tools,No error. No redirect.
200,https://www.texantool.com/store/Hand-Tools/Wrenches/Combination-Wrench-Sets,No error. No redirect.
200,https://www.texantool.com/store/Chemicals-Lubricants-and-Paints/Specialty-Products/Finding-Paste,No error. No redirect.
200,https://www.texantool.com/store/Abrasives/Wire-Brush-Abrasives/Scratch-Brushes,No error. No redirect.
200,https://www.texantool.com/store/Chemicals-Lubricants-and-Paints/Paint-and-Paint-Supplies/Paints,No error. No redirect.
200,https://www.texantool.com/store/Welding-Supplies/Gas-Cutting-and-Welding/Quick-Connects,No error. No redirect.
200,https://www.texantool.com/store/Chemicals-Lubricants-and-Paints/Paint-and-Paint-Supplies/Coatings,No error. No redirect.
200,https://www.texantool.com/store/Abrasives/Bonded-Abrasives,No error. No redirect.
200,https://www.texantool.com/store/Power-Tools/Hammer-Drilling-and-Demolition-Tools,No error. No redirect.
200,https://www.texantool.com/store/Welding-Supplies/Gas-Cutting-and-Welding/Regulator-and-Flowmeter-Parts,No error. No redirect.
200,https://www.texantool.com/store/Welding-Supplies/Mig-Welding/Mig-Guns,No error. No redirect.
200,https://www.texantool.com/store/Electrical-and-Lighting/Ground-Fault-Circuit-Interrupters,No error. No redirect.
200,https://www.texantool.com/store/Hand-Tools/Wrenches/Pipe-Wrench-Parts-and-Accessories,No error. No redirect.
200,https://www.texantool.com/store/Electrical-and-Lighting/Plugs-and-Receptacles,No error. No redirect.
200,https://www.texantool.com/store/Abrasives/Non-Woven-Abrasives/Non-Woven-Belt-Abrasives,No error. No redirect.
200,https://www.texantool.com/store/Chemicals-Lubricants-and-Paints/Lubricants-and-Penetrants/Grease-Gun-Accessories,No error. No redirect.
200,https://www.texantool.com/store/Pneumatics/Compressors-Blow-Guns-Hoses-and-Fittings,No error. No redirect.
200,https://www.texantool.com/store/Measuring-and-Leveling-Tools/Derrick-Tapes,No error. No redirect.
200,https://www.texantool.com/store/Fasteners-Clamps-and-Straps/Fastening-Products/Screw-Anchor-Expanders,No error. No redirect.
200,https://www.texantool.com/store/Hand-Tools/Crimping-and-Stripping-Tools/Crimpers-and-Strippers,No error. No redirect.
200,https://www.texantool.com/store/Abrasives/Coated-Abrasives/Coated-Flap-Wheel-Abrasives,No error. No redirect.
200,https://www.texantool.com/store/Safety-and-Security/Hand-Protection/Gloves,No error. No redirect.
200,https://www.texantool.com/store/Electrical-and-Lighting/Fuses,No error. No redirect.
200,https://www.texantool.com/store/Safety-and-Security/Fall-Protection/Ladder-Safety-Systems,No error. No redirect.
200,https://www.texantool.com/store/Abrasives/Coated-Abrasives/Coated-Disc-Abrasives,No error. No redirect.
200,https://www.texantool.com/store/Electrical-and-Lighting/Cord-Reels,No error. No redirect.
200,https://www.texantool.com/store/Hand-Tools/Lawn-and-Garden-Tools/Picks,No error. No redirect.
200,https://www.texantool.com/store/Oilfield/Babbit-and-Ladles,No error. No redirect.
200,https://www.texantool.com/store/Chemicals-Lubricants-and-Paints/Lubricants-and-Penetrants/Dry-Lubes,No error. No redirect.
200,https://www.texantool.com/store/Measuring-and-Leveling-Tools/Micrometers,No error. No redirect.
200,https://www.texantool.com/store/Measuring-and-Leveling-Tools/Inspection-Mirror-Refills,No error. No redirect.
200,https://www.texantool.com/store/Fasteners-Clamps-and-Straps/Strapping-Products/Cable-Ties,No error. No redirect.
200,https://www.texantool.com/store/Welding-Supplies/Mig-Welding/Mig-Gun-Parts-and-Accessories,No error. No redirect.
200,https://www.texantool.com/store/Featured-Categories/Hand-Tools/Clamps-and-Vises,No error. No redirect.
200,https://www.texantool.com/store/Pneumatics/Cutting-Tools,No error. No redirect.
200,https://www.texantool.com/store/Adhesives-Sealants-and-Tapes/Sealing-Products,No error. No redirect.
200,https://www.texantool.com/store/Fasteners-Clamps-and-Straps/Strapping-Products/Strap-Tensioners-and-Adaptors,No error. No redirect.
200,https://www.texantool.com/store/Measuring-and-Leveling-Tools/Gauging-Tape-Wipers,No error. No redirect.
200,https://www.texantool.com/store/Chemicals-Lubricants-and-Paints/Lubricants-and-Penetrants/Silicone-Lubricants,No error. No redirect.
200,https://www.texantool.com/store/Abrasives/Coated-Abrasives/Coated-Disc-Abrasive-Parts-and-Accessories,No error. No redirect.
200,https://www.texantool.com/store/Janitorial-Equipment,No error. No redirect.
200,https://www.texantool.com/store/Safety-and-Security/Ear-Protection/Earmuffs,No error. No redirect.
200,https://www.texantool.com/store/Hand-Tools/Wrenches/Specialty-Wrenches,No error. No redirect.
200,https://www.texantool.com/store/Measuring-and-Leveling-Tools/Rulers,No error. No redirect.
200,https://www.texantool.com/store/Featured-Categories/Welding-Supplies,No error. No redirect.
200,https://www.texantool.com/store/Welding-Supplies/Arc-Gouging/Arc-Gouging-Torches-and-Cables,No error. No redirect.
200,https://www.texantool.com/store/Safety-and-Security/First-Aid-Safety/Pain-Relievers,No error. No redirect.
200,https://www.texantool.com/store/Chemicals-Lubricants-and-Paints/Specialty-Products,No error. No redirect.
200,https://www.texantool.com/store/Hand-Tools/Wrenches/Combination-Wrench-Parts-and-Accessories,No error. No redirect.
200,https://www.texantool.com/store/Safety-and-Security/Respiratory-Protection/Powered-Air-and-Supplied-Air-System-Parts-and-Accessories,No error. No redirect.
200,https://www.texantool.com/store/Abrasives/Non-Woven-Abrasives/Steel-Wool,No error. No redirect.
200,https://www.texantool.com/store/Measuring-and-Leveling-Tools/Levels,No error. No redirect.
200,https://www.texantool.com/store/Pneumatics,No error. No redirect.
200,https://www.texantool.com/store/Welding-Supplies/Tig-Welding/Tig-Torches-and-Torch-Bodies,No error. No redirect.
200,https://www.texantool.com/store/Hand-Tools/Knives-and-Multi-Purpose-Tools/Knives,No error. No redirect.
200,https://www.texantool.com/store/Electrical-Tools/Knockout-Punches-Manual,No error. No redirect.
200,https://www.texantool.com/store/Abrasives/Coated-Abrasives/Coated-Roll-Abrasives,No error. No redirect.
200,https://www.texantool.com/store/Safety-and-Security/Clothing-Protection/Head-and-Face-Covers,No error. No redirect.
200,https://www.texantool.com/store/Hand-Tools/Knives-and-Multi-Purpose-Tools/Knife-Blades,No error. No redirect.
200,https://www.texantool.com/refund-policy.html,No error. No redirect.
200,https://www.texantool.com/store/Chemicals-Lubricants-and-Paints/Paint-and-Paint-Supplies/Spray-Gun-Parts-and-Accessories,No error. No redirect.
200,https://www.texantool.com/store/Measuring-and-Leveling-Tools/Finders-and-Scanners,No error. No redirect.
200,https://www.texantool.com/store/Adhesives-Sealants-and-Tapes/Tape-Products,No error. No redirect.
200,https://www.texantool.com/store/Welding-Supplies/Arc-Gouging/Arc-Gouging-Electrodes,No error. No redirect.
200,https://www.texantool.com/store/Featured-Categories/Hand-Tools,No error. No redirect.
200,https://www.texantool.com/store/Electrical-and-Lighting/Light-Bulbs,No error. No redirect.
200,https://www.texantool.com/store/Chemicals-Lubricants-and-Paints/Paint-and-Paint-Supplies/Spray-Guns,No error. No redirect.
200,https://www.texantool.com/store/Safety-and-Security/First-Aid-Safety/Antiseptics,No error. No redirect.
200,https://www.texantool.com/store/Oilfield/Safety-Pins,No error. No redirect.
200,https://www.texantool.com/store/Measuring-and-Leveling-Tools/Dial-and-Digital-Indicators,No error. No redirect.
200,https://www.texantool.com/store/Adhesives-Sealants-and-Tapes/Adhesive-Products/Adhesive-Product-Accessories,No error. No redirect.
200,https://www.texantool.com/store/Janitorial-Equipment/Vacuums,No error. No redirect.
200,https://www.texantool.com/store/Welding-Supplies/Gas-Cutting-and-Welding/Cutting-Machines,No error. No redirect.
200,https://www.texantool.com/store/Measuring-and-Leveling-Tools/Gauging-Tape-Refills-and-Parts,No error. No redirect.
200,https://www.texantool.com/store/Power-Tools/Cordless-Tool-Batteries-and-Chargers,No error. No redirect.
200,https://www.texantool.com/store/Janitorial-Equipment/Wiping-Products,No error. No redirect.
200,https://www.texantool.com/store/Safety-and-Security/First-Aid-Safety/First-Aid-Kits,No error. No redirect.
200,https://www.texantool.com/store/Measuring-and-Leveling-Tools/Indicator-Holders-Bases-and-Stands,No error. No redirect.
200,https://www.texantool.com/store/Chemicals-Lubricants-and-Paints/Specialty-Products/Layout-Fluids,No error. No redirect.
200,https://www.texantool.com/store/Fasteners-Clamps-and-Straps/Strapping-Products,No error. No redirect.
200,https://www.texantool.com/store/Welding-Supplies/Filler-Metals/Mig-Tig-Welding-Wires,No error. No redirect.
200,https://www.texantool.com/store/Safety-and-Security/First-Aid-Safety/Bandages-and-Dressings,No error. No redirect.
200,https://www.texantool.com/store/Measuring-and-Leveling-Tools/Inspection-Mirrors-and-Magnifiers,No error. No redirect.
200,https://www.texantool.com/store/Fasteners-Clamps-and-Straps/Fastening-Products,No error. No redirect.
200,https://www.texantool.com/store/Hand-Tools/Pliers-and-Cutters/Specialty-Pliers,No error. No redirect.
200,https://www.texantool.com/store/Chemicals-Lubricants-and-Paints/Paint-and-Paint-Supplies/Paint-Trays-and-Liners,No error. No redirect.
200,https://www.texantool.com/store/Oilfield,No error. No redirect.
200,https://www.texantool.com/store/Safety-and-Security/Fall-Protection/Harness-Parts-and-Accessories,No error. No redirect.
200,https://www.texantool.com/store/Safety-and-Security/Clothing-Protection/Pants-and-Shorts,No error. No redirect.
200,https://www.texantool.com/store/Welding-Supplies,No error. No redirect.
200,https://www.texantool.com/store/Chemicals-Lubricants-and-Paints/Paint-and-Paint-Supplies/Paint-Brushes,No error. No redirect.
200,https://www.texantool.com/store/Hand-Tools/Wrenches/Ratcheting-Wrench-Sets,No error. No redirect.
200,https://www.texantool.com/store/Oilfield/Rig-Wash-and-Creme-Beads,No error. No redirect.
200,https://www.texantool.com/store/Material-Handling/Wheels-and-Casters,No error. No redirect.
200,https://www.texantool.com/store/Adhesives-Sealants-and-Tapes/Tape-Products/Strapping-Tapes,No error. No redirect.
200,https://www.texantool.com/store/Safety-and-Security/Hand-Protection/Glove-Parts-and-Accessories,No error. No redirect.
200,https://www.texantool.com/store/Chemicals-Lubricants-and-Paints/Lubricants-and-Penetrants/Grease-Gun-Hoses-Extensions-and-Adapters,No error. No redirect.
200,https://www.texantool.com/store/Welding-Supplies/Soldering-and-Brazing/Soldering-Brazing-Torches,No error. No redirect.
200,https://www.texantool.com/store/Safety-and-Security/Clothing-Protection/Shirts,No error. No redirect.
200,https://www.texantool.com/store/Chemicals-Lubricants-and-Paints/Lubricants-and-Penetrants/Grease,No error. No redirect.
200,https://www.texantool.com/store/Adhesives-Sealants-and-Tapes/Tape-Products/Packaging-Tapes,No error. No redirect.
200,https://www.texantool.com/store/Fasteners-Clamps-and-Straps/Fastening-Products/Clips-Rings-and-Pins,No error. No redirect.
200,https://www.texantool.com/store/Pneumatics/Drilling-and-Fastening-Tools,No error. No redirect.
200,https://www.texantool.com/store/Featured-Categories,No error. No redirect.
200,https://www.texantool.com/store/Safety-and-Security,No error. No redirect.
200,https://www.texantool.com/store/Welding-Supplies/Soldering-and-Brazing/Soldering-Brazing-Kits,No error. No redirect.
200,https://www.texantool.com/store/Safety-and-Security/Clothing-Protection/Rainwear,No error. No redirect.
200,https://www.texantool.com/store/Hand-Tools/Handsaws-and-Sets/Handsaw-Blades,No error. No redirect.
200,https://www.texantool.com/store/Adhesives-Sealants-and-Tapes/Adhesive-Products/Adhesives-and-Glues,No error. No redirect.
200,https://www.texantool.com/store/Chemicals-Lubricants-and-Paints/Lubricants-and-Penetrants/Fluids,No error. No redirect.
200,https://www.texantool.com/store/Welding-Supplies/Plasma-Cutting/Plasma-Parts-Kits,No error. No redirect.
200,https://www.texantool.com/store/Safety-and-Security/First-Aid-Safety/Ointments,No error. No redirect.
200,https://www.texantool.com/store/Fasteners-Clamps-and-Straps/Fastening-Products/Clip-Ring-and-Pin-Kits,No error. No redirect.
200,https://www.texantool.com/store/Adhesives-Sealants-and-Tapes/Tape-Products/Marking-Tapes,No error. No redirect.
200,https://www.texantool.com/store/Measuring-and-Leveling-Tools/Gauging-Tapes,No error. No redirect.
200,https://www.texantool.com/store/Safety-and-Security/Fall-Protection/Harnesses,No error. No redirect.
200,https://www.texantool.com/store/Hand-Tools/Hand-Tool-Organizers-and-Belts/Tool-Bags,No error. No redirect.
200,https://www.texantool.com/store/Oilfield/Packing-Hooks,No error. No redirect.
200,https://www.texantool.com/store/Abrasives/Coated-Abrasives,No error. No redirect.
200,https://www.texantool.com/store/Foodservice-Supplies,No error. No redirect.
200,https://www.texantool.com/store/Adhesives-Sealants-and-Tapes/Tape-Products/Pipe-Sealant-Tapes,No error. No redirect.
200,https://www.texantool.com/store/Hand-Tools/Wrenches/Pipe-Wrenches,No error. No redirect.
200,https://www.texantool.com/store/Pneumatics/Demolition-Tools,No error. No redirect.
200,https://www.texantool.com/store/Safety-and-Security/First-Aid-Safety/Insect-Repellents-and-Sunscreens,No error. No redirect.
200,https://www.texantool.com/store/Welding-Supplies/Gas-Cutting-and-Welding/Flash-Arrestors,No error. No redirect.
200,https://www.texantool.com/store/Chemicals-Lubricants-and-Paints/Lubricants-and-Penetrants/Grease-Fittings,No error. No redirect.
200,https://www.texantool.com/store/Power-Tools/Cutting-Tools,No error. No redirect.
200,https://www.texantool.com/store/Electrical-and-Lighting/Extension-and-Power-Cords,No error. No redirect.
200,https://www.texantool.com/store/Hand-Tools/Hammers-Sledges-Mallets-and-Axes/Hammers,No error. No redirect.
200,https://www.texantool.com/store/Welding-Supplies/Gas-Cutting-and-Welding/Tips-and-Nozzles,No error. No redirect.
200,https://www.texantool.com/store/Adhesives-Sealants-and-Tapes/Tape-Products/Masking-Tapes,No error. No redirect.
200,https://www.texantool.com/store/Chemicals-Lubricants-and-Paints/Lubricants-and-Penetrants/Drill-Collar-and-Tool-Joint-Compounds,No error. No redirect.
200,https://www.texantool.com/store/Abrasives/Wire-Brush-Abrasives,No error. No redirect.
200,https://www.texantool.com/store/Chemicals-Lubricants-and-Paints/Lubricants-and-Penetrants/Lubricating-Product-Accessories,No error. No redirect.
200,https://www.texantool.com/store/Hand-Tools/Sockets-Ratchets-Adaptors-and-Extensions/Sockets,No error. No redirect.
200,https://www.texantool.com/store/Safety-and-Security/Respiratory-Protection/Cartridge-Respirators,No error. No redirect.
200,https://www.texantool.com/store/Adhesives-Sealants-and-Tapes/Sealing-Products/Retaining-Compounds,No error. No redirect.
200,https://www.texantool.com/store/Chemicals-Lubricants-and-Paints/Leak-Detectors-and-Penetrants/Penetrant-Kits,No error. No redirect.
200,https://www.texantool.com/store/Fasteners-Clamps-and-Straps/Clamping-Products/Hose-Clamps,No error. No redirect.
200,https://www.texantool.com/store/Chemicals-Lubricants-and-Paints/Lubricants-and-Penetrants,No error. No redirect.
200,https://www.texantool.com/store/Adhesives-Sealants-and-Tapes/Sealing-Products/Sealants,No error. No redirect.
200,https://www.texantool.com/store/Janitorial-Equipment/Cleaning-Products,No error. No redirect.
200,https://www.texantool.com/store/Abrasives/Non-Woven-Abrasives,No error. No redirect.
200,https://www.texantool.com/store/Welding-Supplies/Filler-Metals/Solder-Alloys-and-Fluxes,No error. No redirect.
200,https://www.texantool.com/index.html,No error. No redirect.
200,https://www.texantool.com/store/Chemicals-Lubricants-and-Paints/Leak-Detectors-and-Penetrants/Leak-Detectors,No error. No redirect.
200,https://www.texantool.com/store/Oilfield/Coco-Mats,No error. No redirect.
200,https://www.texantool.com/store/Abrasives/Wire-Brush-Abrasives/Cup-Brushes,No error. No redirect.
200,https://www.texantool.com/store/MRO-Supplies/Maintenance-and-Repair-Parts,No error. No redirect.
200,https://www.texantool.com/store/Pumps/Pumping-Equipment/Fuel-Pumps,No error. No redirect.
200,https://www.texantool.com/store/Welding-Supplies/Filler-Metals/Welding-Brazing-Alloys-and-Fluxes,No error. No redirect.
200,https://www.texantool.com/store/Hand-Tools/Wrenches/Ratcheting-Wrenches,No error. No redirect.
200,https://www.texantool.com/store/Electrical-and-Lighting/Work-Lights,No error. No redirect.
200,https://www.texantool.com/store/Welding-Supplies/Plasma-Cutting/Plasma-Torches,No error. No redirect.
200,https://www.texantool.com/store/Measuring-and-Leveling-Tools/Flange-Pins-and-Aligners,No error. No redirect.
200,https://www.texantool.com/store/Abrasives/Wire-Brush-Abrasives/Tube-Brushes,No error. No redirect.
200,https://www.texantool.com/store/Safety-and-Security/Fall-Protection/Fall-Protection-Parts-and-Accessories,No error. No redirect.
200,https://www.texantool.com/store/Chemicals-Lubricants-and-Paints/Cleaning-Products,No error. No redirect.
200,https://www.texantool.com/store/Welding-Supplies/Plasma-Cutting/Plasma-Parts,No error. No redirect.
200,https://www.texantool.com/store/Chemicals-Lubricants-and-Paints/Lubricants-and-Penetrants/Belt-Dressings,No error. No redirect.
200,https://www.texantool.com/store/MRO-Supplies/Automotive-Maintenance-Products,No error. No redirect.
200,https://www.texantool.com/store/Hand-Tools/Wrenches/Combination-Wrenches,No error. No redirect.
200,https://www.texantool.com/store/Hand-Tools/Lawn-and-Garden-Tools/Wheelbarrows,No error. No redirect.
200,https://www.texantool.com/store/Measuring-and-Leveling-Tools/Measuring-Wheels,No error. No redirect.
200,https://www.texantool.com/store/Chemicals-Lubricants-and-Paints/Lubricants-and-Penetrants/Grease-Guns,No error. No redirect.
200,https://www.texantool.com/store/MRO-Supplies/Fittings-and-Accessories,No error. No redirect.
200,https://www.texantool.com/privacy-policy.html,No error. No redirect.
200,https://www.texantool.com/store/Safety-and-Security/Fall-Protection/Fall-Protection-Kits,No error. No redirect.
200,https://www.texantool.com/store/Hand-Tools/Wrenches/Adjustable-Wrench-Sets,No error. No redirect.
200,https://www.texantool.com/store/Safety-and-Security/Clothing-Protection/Coveralls-and-Overalls,No error. No redirect.
200,https://www.texantool.com/test1.html,No error. Redirect to https://www.texantool.com/
200,https://www.texantool.com/store/Abrasives/Non-Woven-Abrasives/Non-Woven-Roll-Abrasives,No error. No redirect.
200,https://www.texantool.com/store/Welding-Supplies/Exothermic-Cutting/Exothermic-Rods,No error. No redirect.
200,https://www.texantool.com/store/Hand-Tools/Wrenches/Chain-Tong-and-Strap-Wrenches,No error. No redirect.
200,https://www.texantool.com/store/HVAC,No error. No redirect.
200,https://www.texantool.com/store/Fasteners-Clamps-and-Straps/Clamping-Products,No error. No redirect.
200,https://www.texantool.com/store/Abrasives/Non-Woven-Abrasives/Non-Woven-Disc-Abrasive-Parts-and-Accessories,No error. No redirect.
200,https://www.texantool.com/store/Hand-Tools/Lawn-and-Garden-Tools/Rakes,No error. No redirect.
200,https://www.texantool.com/store/Welding-Supplies/Tig-Welding/Tig-Torch-Parts-and-Accessories,No error. No redirect.
200,https://www.texantool.com/store/Safety-and-Security/First-Aid-Safety/Cold-Packs,No error. No redirect.
200,https://www.texantool.com/store/Hand-Tools/Sockets-Ratchets-Adaptors-and-Extensions/Adapters-and-Extensions,No error. No redirect.
200,https://www.texantool.com/store/Measuring-and-Leveling-Tools/Tape-Measures,No error. No redirect.
200,https://www.texantool.com/store/Electrical-and-Lighting/Batteries,No error. No redirect.
200,https://www.texantool.com/store/Pumps/Pumping-Equipment/Rotary-Pumps,No error. No redirect.
200,https://www.texantool.com/store/Adhesives-Sealants-and-Tapes/Tape-Products/Specialty-Tapes,No error. No redirect.
200,https://www.texantool.com/store/Power-Tools/Multi-Purpose-Power-Tools,No error. No redirect.
200,https://www.texantool.com/store/Electrical-and-Lighting/Flashlights-and-Lanterns,No error. No redirect.
200,https://www.texantool.com/store/Hand-Tools/Hand-Tool-Organizers-and-Belts/Tool-Pouches-and-Holders,No error. No redirect.
200,https://www.texantool.com/store/Power-Tools/Finishing-Tools,No error. No redirect.
200,https://www.texantool.com/store/Safety-and-Security/Respiratory-Protection/Cartridge-Respirator-Parts-and-Accessories,No error. No redirect.
200,https://www.texantool.com/store/Abrasives/Wire-Brush-Abrasives/Wheel-Brushes,No error. No redirect.
200,https://www.texantool.com/store/Welding-Supplies/Filler-Metals/Welding-Stick-Electrodes,No error. No redirect.
200,https://www.texantool.com/store/Chemicals-Lubricants-and-Paints/Paint-and-Paint-Supplies,No error. No redirect.
200,https://www.texantool.com/store/Measuring-and-Leveling-Tools/Squares,No error. No redirect.
200,https://www.texantool.com/store/Electrical-Tools/Testers-and-Indicators,No error. No redirect.
200,https://www.texantool.com/store/Adhesives-Sealants-and-Tapes/Tape-Products/Electrical-Tapes,No error. No redirect.
200,https://www.texantool.com/store/Hand-Tools/Lawn-and-Garden-Tools/Hoes,No error. No redirect.
200,https://www.texantool.com/store/Fasteners-Clamps-and-Straps/Clamping-Products/Buckles,No error. No redirect.
200,https://www.texantool.com/store/Chemicals-Lubricants-and-Paints/Lubricants-and-Penetrants/Oilers-and-Sprayers,No error. No redirect.
200,https://www.texantool.com/store/Safety-and-Security/Clothing-Protection,No error. No redirect.
200,https://www.texantool.com/store/Chemicals-Lubricants-and-Paints/Leak-Detectors-and-Penetrants,No error. No redirect.
200,https://www.texantool.com/store/Welding-Supplies/Gas-Cutting-and-Welding/Outfits,No error. No redirect.
200,https://www.texantool.com/store/Hand-Tools/Sockets-Ratchets-Adaptors-and-Extensions/Socket-Sets,No error. No redirect.
200,https://www.texantool.com/store/Chemicals-Lubricants-and-Paints/Lubricants-and-Penetrants/Fluids,No error. No redirect.
200,https://www.texantool.com/store/Adhesives-Sealants-and-Tapes/Tape-Products/Duct-Tapes,No error. No redirect.
200,https://www.texantool.com/store/Featured-Categories/Welding-Supplies/Welding-and-Cutting-Accessories,No error. No redirect.
200,https://www.texantool.com/store/Safety-and-Security/Fall-Protection/Body-Belts,No error. No redirect.
200,https://www.texantool.com/store/Chemicals-Lubricants-and-Paints/Insect-and-Weed-Controlling-Products,No error. No redirect.
200,https://www.texantool.com/store/Fasteners-Clamps-and-Straps/Strapping-Products/Tie-Wire-Accessories,No error. No redirect.
200,https://www.texantool.com/store/Abrasives/Non-Woven-Abrasives/Non-Woven-Disc-Abrasives,No error. No redirect.
200,https://www.texantool.com/store/Chemicals-Lubricants-and-Paints/Car-Waxes-Polishes-and-Protectants,No error. No redirect.
200,https://www.texantool.com/store/Hand-Tools/Hammers-Sledges-Mallets-and-Axes/Axes-and-Hatchets,No error. No redirect.
200,https://www.texantool.com/store/Hand-Tools/Clamps-and-Vises/Clamps-and-Spreaders,No error. No redirect.
200,https://www.texantool.com/store/Material-Handling/Hoists-and-Winches,No error. No redirect.
200,https://www.texantool.com/store/Electrical-Tools/Wire-Cable-Carts-and-Dispensers,No error. No redirect.
200,https://www.texantool.com/store/Hand-Tools/Clamps-and-Vises/Vises,No error. No redirect.
200,https://www.texantool.com/store/MRO-Supplies/Tubing,No error. No redirect.
200,https://www.texantool.com/store/Hand-Tools/Wrenches/Torque-Wrenches,No error. No redirect.
200,https://www.texantool.com/store/Abrasives/Non-Woven-Abrasives/Non-Woven-Wheel-Abrasives,No error. No redirect.
200,https://www.texantool.com/store/Hand-Tools/Handsaws-and-Sets/Handsaws,No error. No redirect.
200,https://www.texantool.com/store/Hand-Tools/Lawn-and-Garden-Tools/Shovels-and-Spades,No error. No redirect.
200,https://www.texantool.com/store/Material-Handling/Ladders-Platforms-and-Scaffolding,No error. No redirect.
200,https://www.texantool.com/store/Hand-Tools/Lawn-and-Garden-Tools/Water-Hoses,No error. No redirect.
200,https://www.texantool.com/store/Chemicals-Lubricants-and-Paints/Paint-and-Paint-Supplies/Drop-Cloths,No error. No redirect.
200,https://www.texantool.com/store/MRO-Supplies/Covering-Products,No error. No redirect.
200,https://www.texantool.com/store/Safety-and-Security/Fall-Protection/Rescue-System-Parts-and-Accessories,No error. No redirect.
200,https://www.texantool.com/store/Electrical-and-Lighting/Extension-and-Power-Cord-Accessories,No error. No redirect.
200,https://www.texantool.com/store/Abrasives/Non-Woven-Abrasives/Non-Woven-Pad-Abrasives,No error. No redirect.
200,https://www.texantool.com/store/Pneumatics/Finishing-Tools,No error. No redirect.
200,https://www.texantool.com/store/Fasteners-Clamps-and-Straps/Clamping-Products/Bands,No error. No redirect.
200,https://www.texantool.com/store/Chemicals-Lubricants-and-Paints/Paint-and-Paint-Supplies/Paint-Rollers-and-Covers,No error. No redirect.
200,https://www.texantool.com/store/Welding-Supplies/Welding-and-Cutting-Accessories/Heat-Tint-Removal-Systems,No error. No redirect.
200,https://www.texantool.com/store/Fasteners-Clamps-and-Straps/Clamping-Products/Hose-Clamp-Sets,No error. No redirect.
200,https://www.texantool.com/store/Foodservice-Supplies/Cups-and-Lids,No error. No redirect.
200,https://www.texantool.com/store/Hand-Tools/Lawn-and-Garden-Tools/Post-Hole-Diggers,No error. No redirect.
200,https://www.texantool.com/store/Measuring-and-Leveling-Tools/Radius-Markers,No error. No redirect.
200,https://www.texantool.com/store/Hand-Tools/Wrenches/Structural-Wrenches,No error. No redirect.
200,https://www.texantool.com/store/Chemicals-Lubricants-and-Paints/Lubricants-and-Penetrants/Specialty-Lubricants,No error. No redirect.
200,https://www.texantool.com/store/Pumps/Pumping-Equipment,No error. No redirect.
200,https://www.texantool.com/store/,No error. No redirect.
200,https://www.texantool.com/store/Chemicals-Lubricants-and-Paints/Lubricants-and-Penetrants/Corrosion-Inhibitors,No error. No redirect.
200,https://www.texantool.com/store/Measuring-and-Leveling-Tools/Plumb-Bobs,No error. No redirect.
200,https://www.texantool.com/store/Welding-Supplies/Manual-Welding/Electrode-Holder-Parts,No error. No redirect.
200,https://www.texantool.com/store/Chemicals-Lubricants-and-Paints/Lubricants-and-Penetrants/Chain-and-Cable-Lubricants,No error. No redirect.
200,https://www.texantool.com/store/Safety-and-Security/Fall-Protection/Lanyards,No error. No redirect.
200,https://www.texantool.com/store/Power-Tools/Drilling-and-Fastening-Tools,No error. No redirect.
200,https://www.texantool.com/store/Measuring-and-Leveling-Tools/Contour-Markers,No error. No redirect.
200,https://www.texantool.com/store/Pneumatics/Air-Hose-Reels,No error. No redirect.
200,https://www.texantool.com/store/Fasteners-Clamps-and-Straps,No error. No redirect.
200,https://www.texantool.com/store/Chemicals-Lubricants-and-Paints/Insect-and-Weed-Controlling-Products/Insect-Killers,No error. No redirect.
200,https://www.texantool.com/store/Hand-Tools,No error. No redirect.
200,https://www.texantool.com/store/Safety-and-Security/Fall-Protection/Rescue-Systems,No error. No redirect.
200,https://www.texantool.com/store/Chemicals-Lubricants-and-Paints/Lubricants-and-Penetrants/Oils,No error. No redirect.
200,https://www.texantool.com/store/Welding-Supplies/Gas-Cutting-and-Welding/Torches-and-Handles,No error. No redirect.
200,https://www.texantool.com/store/Measuring-and-Leveling-Tools/Gauges-Gages,No error. No redirect.
200,https://www.texantool.com/store/Oilfield/Spark-Plugs,No error. No redirect.
200,https://www.texantool.com/store/Measuring-and-Leveling-Tools/Thermometers,No error. No redirect.
200,https://www.texantool.com/store/Chemicals-Lubricants-and-Paints/Specialty-Products/De-Icers,No error. No redirect.
200,https://www.texantool.com/store/Safety-and-Security/Ear-Protection/Earplugs,No error. No redirect.
200,https://www.texantool.com/store/Hand-Tools/Sockets-Ratchets-Adaptors-and-Extensions/Ratchets,No error. No redirect.
200,https://www.texantool.com/store/Chemicals-Lubricants-and-Paints/Lubricants-and-Penetrants/Multi-Purpose-Lubricants,No error. No redirect.
200,https://www.texantool.com/store/Measuring-and-Leveling-Tools/Calipers-and-Dividers,No error. No redirect.
200,https://www.texantool.com/store/Abrasives/Wire-Brush-Abrasives/Wheel-Brush-Parts-and-Accessories,No error. No redirect.
200,https://www.texantool.com/store/Hand-Tools/Lawn-and-Garden-Tools/Sprayers,No error. No redirect.
200,https://www.texantool.com/store/Pneumatics/Balancers,No error. No redirect.
200,https://www.texantool.com/store/Material-Handling/Jacks-Lifts-and-Hydraulics,No error. No redirect.
200,https://www.texantool.com/store/Safety-and-Security/First-Aid-Safety/Eye-Wash,No error. No redirect.
200,https://www.texantool.com/store/Material-Handling/Stretch-Wraps,No error. No redirect.
200,https://www.texantool.com/store/Electrical-and-Lighting/Flashlight-and-Lantern-Parts-and-Accessories,No error. No redirect.
200,https://www.texantool.com/store/Chemicals-Lubricants-and-Paints/Lubricants-and-Penetrants/Anti-Seize-Compounds,No error. No redirect.
200,https://www.texantool.com/store/Abrasives/Wire-Brush-Abrasives/End-Brushes,No error. No redirect.
200,https://www.texantool.com/store/Welding-Supplies/Arc-Gouging/Arc-Gouging-Torch-Parts,No error. No redirect.
200,https://www.texantool.com/store/Measuring-and-Leveling-Tools/Protractors,No error. No redirect.
200,https://www.texantool.com/store/Hand-Tools/Pliers-and-Cutters/Locking-Pliers,No error. No redirect.
200,https://www.texantool.com/store/Measuring-and-Leveling-Tools/Derrick-Tape-Refills,No error. No redirect.
200,https://www.texantool.com/store/Safety-and-Security/Hand-Protection,No error. No redirect.
200,https://www.texantool.com/store/Material-Handling/Chain-Cable-Rope-and-Accessories,No error. No redirect.
200,https://www.texantool.com/store/Hand-Tools/Retrieving-Tools/Magnetic-Retrievers,No error. No redirect.
