urls,status_code
 https://www.desss.com/it-services-consulting-advisory-company.html ,NOT OK: HTTP response code 403
 https://www.desss.com/information-technology-consulting-advisory-company.html ,NOT OK: HTTP response code 403
 https://www.desss.com/enterprise-business-solutions-consulting-advisory-company.html ,NOT OK: HTTP response code 403
 https://www.desss.com/application-software-development-consulting-advisory-company.html ,NOT OK: HTTP response code 403
 https://www.desss.com/blog.php ,NOT OK: HTTP response code 403
 https://www.desss.com/contact-us.php ,NOT OK: HTTP response code 403
 https://www.desss.com/mobile-app-development-consulting-advisory-company.html ,NOT OK: HTTP response code 403
 https://www.desss.com/Software-applications-development-consulting-advisory-company.html ,NOT OK: HTTP response code 403
 https://www.desss.com/iPhone-app-development-consulting-advisory-implementation-company.html ,NOT OK: HTTP response code 403
 https://www.desss.com/ipad-app-development-consulting-advisory-company.html ,NOT OK: HTTP response code 403
 https://www.desss.com/application-design-consulting-advisory-company.html ,NOT OK: HTTP response code 403
 https://www.desss.com/application-testing-consulting-advisory-company.html ,NOT OK: HTTP response code 403
 https://www.desss.com/Application-Maintenance-consulting-advisory-company.html ,NOT OK: HTTP response code 403
 https://www.desss.com/application-support-consulting-advisory-company.html ,NOT OK: HTTP response code 403
 https://www.desss.com/Web-Development-consulting-advisory-company.html ,NOT OK: HTTP response code 403
 https://www.desss.com/adp-payroll-solutions-consulting-advisory-company.html ,NOT OK: HTTP response code 403
 https://www.desss.com/sharepoint-design-consulting-advisory-company.html ,NOT OK: HTTP response code 403
 https://www.desss.com/sharepoint-application-development-consulting-advisory.html ,NOT OK: HTTP response code 403
 https://www.desss.com/SharePoint-consulting-advisory.html ,NOT OK: HTTP response code 403
 https://www.desss.com/php-web-application-development-consulting-services-company.html ,NOT OK: HTTP response code 403
 https://www.desss.com/dot-net-web-application-development-consulting-services-company.html ,NOT OK: HTTP response code 403
 https://www.desss.com/asp-net-web-application-development-consulting-services-company.html ,NOT OK: HTTP response code 403
 https://www.desss.com/drupal-cms-consulting-advisory-company.html ,NOT OK: HTTP response code 403
 https://www.desss.com/joomla-cms-consulting-advisory-company.html ,NOT OK: HTTP response code 403
 https://www.desss.com/wordpress-consulting-services-company.html ,NOT OK: HTTP response code 403
 https://www.desss.com/sap-consulting-advisory-company.html ,NOT OK: HTTP response code 403
 https://www.desss.com/sap-material-management-mm-consulting-advisory-company.html ,NOT OK: HTTP response code 403
 https://www.desss.com/sap-crm-customer-relationship-management-consulting-advisory-company.html ,NOT OK: HTTP response code 403
 https://www.desss.com/sap-sales-distribution-sd-consulting-advisory-company.html ,NOT OK: HTTP response code 403
 https://www.desss.com/sap-hana-consulting-advisory-company.html ,NOT OK: HTTP response code 403
 https://www.desss.com/sap-management-consulting-advisory-company.html ,NOT OK: HTTP response code 403
 https://www.desss.com/sap-fico-financial-accounting-controlling-consulting-advisory-company.html ,NOT OK: HTTP response code 403
 https://www.desss.com/sap-sme-solution-consulting-services-company.html ,NOT OK: HTTP response code 403
 https://www.desss.com/sap-netweaver-gateway-consulting-advisory-company.html ,NOT OK: HTTP response code 403
 https://www.desss.com/sap-fiori-consulting-advisory-company.html ,NOT OK: HTTP response code 403
 https://www.desss.com/sap-ui5-consulting-advisory-company.html ,NOT OK: HTTP response code 403
 https://www.desss.com/sap-mobile-consulting-advisory-company.html ,NOT OK: HTTP response code 403
 https://www.desss.com/enterprises-resource-planning-erp-solutions-consulting-advisory-company.html ,NOT OK: HTTP response code 403
 https://www.desss.com/customer-relationship-management-crm-solutions-consulting-advisory-company.html ,NOT OK: HTTP response code 403
 https://www.desss.com/ecommerce-services-consulting-advisory-company.html ,NOT OK: HTTP response code 403
 https://www.desss.com/business-Intelligence-consulting-advisory-company.html ,NOT OK: HTTP response code 403
 https://www.desss.com/content-management-system-cms-consulting-advisory-company.html ,NOT OK: HTTP response code 403
 https://www.desss.com/hadoop-consulting-advisory-company.html ,NOT OK: HTTP response code 403
 https://www.desss.com/visual-basic-vb-consulting-advisory-company.html ,NOT OK: HTTP response code 403
 https://www.desss.com/visual-foxpro-consulting-advisory-company.html ,NOT OK: HTTP response code 403
 https://www.desss.com/java-consulting-advisory-company.html ,NOT OK: HTTP response code 403
 https://www.desss.com/sql-server-consulting-advisory-company.html ,NOT OK: HTTP response code 403
 https://www.desss.com/microsoft-dynamics-crm-solutions-consulting-advisory-company.html ,NOT OK: HTTP response code 403
 https://www.desss.com/Oracle-consulting-advisory-company.html ,NOT OK: HTTP response code 403
 https://www.desss.com/BI-business-intelligence-consulting-advisory-company.html ,NOT OK: HTTP response code 403
 https://www.desss.com/microsoft-solutions-consulting-advisory-company.html ,NOT OK: HTTP response code 403
 https://www.desss.com/aspdotnet-consulting-advisory-company.html ,NOT OK: HTTP response code 403
 https://www.desss.com/oracle-application-development-consulting-advisory-company.html ,NOT OK: HTTP response code 403
 https://www.desss.com/vb-net-consulting-advisory-company.html ,NOT OK: HTTP response code 403
 https://www.desss.com/csharp-dot-consulting-advisory-company.html ,NOT OK: HTTP response code 403
 https://www.desss.com/sql-server-Administrator-admin-consulting-advisory-company .html ,NOT OK: HTTP response code 403
 https://www.desss.com/cognos-consulting-advisory-company.html ,NOT OK: HTTP response code 403
 https://www.desss.com/hyperion-consulting-advisory-company.html ,NOT OK: HTTP response code 403
 https://www.desss.com/birt-consulting-advisory-company.html ,NOT OK: HTTP response code 403
 https://www.desss.com/application-migration-consulting-advisory-company.html ,NOT OK: HTTP response code 403
 https://www.desss.com/virtual-crm-consulting-advisory-company.html ,NOT OK: HTTP response code 403
 https://www.desss.com/it-industry-consulting-advisory-company.html ,NOT OK: HTTP response code 403
 https://www.desss.com/accounting-website-design-consulting-advisory-company.html ,NOT OK: HTTP response code 403
 https://www.desss.com/air-conditioning-website-design-consulting-advisory-company.html ,NOT OK: HTTP response code 403
 https://www.desss.com/attorney-law-firm-website-design-consulting-advisory-company.html ,NOT OK: HTTP response code 403
 https://www.desss.com/oil-gas-website-design-consulting-advisory-company.html ,NOT OK: HTTP response code 403
 https://www.desss.com/engineering-website-design-consulting-advisory-company.html ,NOT OK: HTTP response code 403
 https://www.desss.com/enterprises-website-design-consulting-advisory-company.html ,NOT OK: HTTP response code 403
 https://www.desss.com/entertainment-website-design-consulting-advisory-company.html ,NOT OK: HTTP response code 403
 https://www.desss.com/financial-website-design-consulting-advisory-company.html ,NOT OK: HTTP response code 403
 https://www.desss.com/healthcare-website-design-consulting-advisory-company.html ,NOT OK: HTTP response code 403
 https://www.desss.com/home-services-website-design-consulting-advisory-company.html ,NOT OK: HTTP response code 403
 https://www.desss.com/restaurant-hotel-website-design-consulting-advisory-company.html ,NOT OK: HTTP response code 403
 https://www.desss.com/jewelry-website-design-consulting-advisory-company.html ,NOT OK: HTTP response code 403
 https://www.desss.com/magazine-website-design-consulting-advisory-company.html ,NOT OK: HTTP response code 403
 https://www.desss.com/manufacturing-website-design-consulting-advisory-company.html ,NOT OK: HTTP response code 403
 https://www.desss.com/marine-website-design-consulting-advisory-company.html ,NOT OK: HTTP response code 403
 https://www.desss.com/medical-website-design-consulting-advisory-company.html ,NOT OK: HTTP response code 403
 https://www.desss.com/non-profit-organization-website-design-consulting-advisory-company.html ,NOT OK: HTTP response code 403
 https://www.desss.com/political-website-design-consulting-advisory-company.html ,NOT OK: HTTP response code 403
 https://www.desss.com/real-estate-website-design-consulting-advisory-company.html ,NOT OK: HTTP response code 403
 https://www.desss.com/restaurant-website-design-consulting-advisory-company.html ,NOT OK: HTTP response code 403
 https://www.desss.com/retail-website-design-consulting-advisory-company.html ,NOT OK: HTTP response code 403
 https://www.desss.com/taxi-limousine-website-design-consulting-advisory-company.html ,NOT OK: HTTP response code 403
 https://www.desss.com/transportation-website-design-consulting-advisory-company.html ,NOT OK: HTTP response code 403
 https://www.desss.com/wholesale-website-design-consulting-advisory-company.html ,NOT OK: HTTP response code 403
 https://www.desss.com/key-differentiators.html ,NOT OK: HTTP response code 403
 https://www.desss.com/microsoft-dynamics-erp-solutions-consulting-advisory-company.html ,NOT OK: HTTP response code 403
 https://www.desss.com/big-data-consulting-advisory.html ,NOT OK: HTTP response code 403
 https://www.desss.com/Digital-marketing-consulting-advisory-company.html ,NOT OK: HTTP response code 403
 https://www.desss.com/infrastructure-consulting-advisory-company.html ,NOT OK: HTTP response code 403
 https://www.desss.com/branding-design-consulting-advisory-company.html ,NOT OK: HTTP response code 403
 https://www.desss.com/php-consulting-application-development-consulting-advisory-company.html ,NOT OK: HTTP response code 403
 https://www.desss.com/open-source-consulting-advisory-company.html ,NOT OK: HTTP response code 403
 https://www.desss.com/joomla-consulting-advisory-company.html ,NOT OK: HTTP response code 403
 https://www.desss.com/wordpress-webdesign-development-consulting-advisory-company.html ,NOT OK: HTTP response code 403
 https://www.desss.com/business-objects-consulting-advisory-company.html ,NOT OK: HTTP response code 403
 https://www.desss.com/siebel-consulting-advisory-company.html ,NOT OK: HTTP response code 403
 https://www.desss.com/x-cart-consulting-advisory-company.html ,NOT OK: HTTP response code 403
 https://www.desss.com/infragistics-consulting-advisory-company.html ,NOT OK: HTTP response code 403
 https://www.desss.com/shopping-cart-ecommerce-consulting-advisory-company.html ,NOT OK: HTTP response code 403
 https://www.desss.com/web-applications-consulting-advisory-company.html ,NOT OK: HTTP response code 403
 https://www.desss.com/oracle-apex-consulting-advisory-company.html ,NOT OK: HTTP response code 403
 https://www.desss.com/saas-services-consulting-advisory-company.html ,NOT OK: HTTP response code 403
 https://www.desss.com/crystal-report-consulting-advisory-company.html ,NOT OK: HTTP response code 403
 https://www.desss.com/ibm-technology-consulting-advisory-company.html ,NOT OK: HTTP response code 403
 https://www.desss.com/microsoft-technologies-consulting-services-company.html ,NOT OK: HTTP response code 403
 https://www.desss.com/technology-consulting-advisory-company.html ,NOT OK: HTTP response code 403
 https://www.desss.com/sap-technology-solutions-consulting-advisory-company.html ,NOT OK: HTTP response code 403
 https://www.desss.com/system-integration-consultant-consulting-advisory-company.html ,NOT OK: HTTP response code 403
 https://www.desss.com/technology-translation-consulting-advisory-company.html ,NOT OK: HTTP response code 403
 https://www.desss.com/telecommunications-translation-consulting-advisory-company.html ,NOT OK: HTTP response code 403
 https://www.desss.com/japanese-german-english-translation-consulting-advisory-company.html ,NOT OK: HTTP response code 403
 https://www.desss.com/integrated-solutions-outsourcing-consulting-advisory-company.html ,NOT OK: HTTP response code 403
 https://www.desss.com/zen-cart-website-design-development-consulting-advisory-company.html ,NOT OK: HTTP response code 403
 https://www.desss.com/x-cart-website-design-development-consulting-advisory-company.html ,NOT OK: HTTP response code 403
 https://www.desss.com/zen-cart-consulting-advisory-company.html ,NOT OK: HTTP response code 403
 https://www.desss.com/oracle-fusion-consulting-advisory-company.html ,NOT OK: HTTP response code 403
 https://www.desss.com/oracle-dba-database-administration-consulting-advisory-company.html ,NOT OK: HTTP response code 403
 https://www.desss.com/magento-implementation-migration-consulting-advisory-company.html ,NOT OK: HTTP response code 403
 https://www.desss.com/magento-consulting-advisory-company.html ,NOT OK: HTTP response code 403
 https://www.desss.com/outsourcing-services-consulting-advisory-company.html ,NOT OK: HTTP response code 403
 https://www.desss.com/business-process-outsourcing-bpo-consulting-advisory-company.html ,NOT OK: HTTP response code 403
 https://www.desss.com/data-entry-consulting-advisory-company.html ,NOT OK: HTTP response code 403
 https://www.desss.com/infrastructure-outsourcing-consulting-advisory-company.html ,NOT OK: HTTP response code 403
 https://www.desss.com/legal-outsourcing-consulting-advisory-company.html ,NOT OK: HTTP response code 403
 https://www.desss.com/healthcare-outsourcing-consulting-advisory-company.html ,NOT OK: HTTP response code 403
 https://www.desss.com/medical-billing-consulting-advisory-company.html ,NOT OK: HTTP response code 403
 https://www.desss.com/medical-coding-services-consulting-advisory-company.html ,NOT OK: HTTP response code 403
 https://www.desss.com/wedding-marriage-translation-consulting-advisory-company.html ,NOT OK: HTTP response code 403
 https://www.desss.com/translation-services-consulting-advisory-company.html ,NOT OK: HTTP response code 403
 https://www.desss.com/marine-services-Software-application-consulting-advisory-company.html ,NOT OK: HTTP response code 403
 https://www.desss.com/computer-network-consulting-advisory-company.html ,NOT OK: HTTP response code 403
 https://www.desss.com/telephone-consulting-advisory-company.html ,NOT OK: HTTP response code 403
 https://www.desss.com/highway-bidding-consulting-advisory-company.html ,NOT OK: HTTP response code 403
 https://www.desss.com/virtual-inventory-consulting-advisory-company.html ,NOT OK: HTTP response code 403
 https://www.desss.com/helpdesk-online.html ,NOT OK: HTTP response code 403
 https://www.desss.com/data-center-infrastructure-outsourcing-consulting-advisory-company.html ,NOT OK: HTTP response code 403
 https://www.desss.com/manual-german-english-translation-consulting-advisory-company.html ,NOT OK: HTTP response code 403
 https://www.desss.com/agreements-translation-consulting-advisory-company.html ,NOT OK: HTTP response code 403
 https://www.desss.com/employee-hand-book-translation-consulting-advisory-company.html ,NOT OK: HTTP response code 403
 https://www.desss.com/litigation-coding-consulting-advisory-company.html ,NOT OK: HTTP response code 403
 https://www.desss.com/electronic-discovery-consulting-advisory-company.html ,NOT OK: HTTP response code 403
 https://www.desss.com/web-repository-consulting-advisory-company.html ,NOT OK: HTTP response code 403
 https://www.desss.com/managed-IT-services-outsourcing-consulting-advisory-company.html ,NOT OK: HTTP response code 403
 https://www.desss.com/transcription-services-consulting-advisory-company.html ,NOT OK: HTTP response code 403
 https://www.desss.com/staffing-consulting-advisory-company.html ,NOT OK: HTTP response code 403
 https://www.desss.com/contract-staffing-consulting-advisory-company.html ,NOT OK: HTTP response code 403
 https://www.desss.com/direct-hire-staffing-consulting-advisory-company.html ,NOT OK: HTTP response code 403
 https://www.desss.com/direct-hire-placement-consulting-advisory-company.html ,NOT OK: HTTP response code 403
 https://www.desss.com/Contract-to-perm-staffing-consulting-advisory-company.html ,NOT OK: HTTP response code 403
 https://www.desss.com/full-time-consulting-advisory-company.html ,NOT OK: HTTP response code 403
 https://www.desss.com/partnerships-consulting-advisory-company.html ,NOT OK: HTTP response code 403
 https://www.desss.com/oracle-technology-consulting-advisory-company.html ,NOT OK: HTTP response code 403
 https://www.desss.com/opensource-technology-solution-consulting-advisory-company.html ,NOT OK: HTTP response code 403
 https://www.desss.com/networking-services-consulting-advisory-company.html ,NOT OK: HTTP response code 403
 https://www.desss.com/corporate-identity-consulting-advisory-company.html ,NOT OK: HTTP response code 403
 https://www.desss.com/media-consulting-advisory-company.html ,NOT OK: HTTP response code 403
 https://www.desss.com/illustration-design-consulting-advisory-company.html ,NOT OK: HTTP response code 403
 https://www.desss.com/advertisement-design-consulting-advisory-company.html ,NOT OK: HTTP response code 403
 https://www.desss.com/template-design-consulting-advisory-company.html ,NOT OK: HTTP response code 403
 https://www.desss.com/website-design-consulting-advisory-company.html ,NOT OK: HTTP response code 403
 https://www.desss.com/java-script-advisory-company.html ,NOT OK: HTTP response code 403
 https://www.desss.com/web-hosting-consulting-advisory-company.html ,NOT OK: HTTP response code 403
 https://www.desss.com/os-commerce-ecommerce-website-design-consulting-advisory-company.html ,NOT OK: HTTP response code 403
 https://www.desss.com/peoplesoft-consulting-advisory-company.html ,NOT OK: HTTP response code 403
 https://www.desss.com/product-development-consulting-advisory-company.html ,NOT OK: HTTP response code 403
 https://www.desss.com/google-adwords-consulting-advisory-company.html ,NOT OK: HTTP response code 403
 https://www.desss.com/best-responsive-web-design-advisory-company.html ,NOT OK: HTTP response code 403
 https://www.desss.com/soap-xml-web-services-consulting-advisory-company.html ,NOT OK: HTTP response code 403
 https://www.desss.com/virtualization-advisory-company.html ,NOT OK: HTTP response code 403
 https://www.desss.com/dev-express-consulting-advisory-company.html ,NOT OK: HTTP response code 403
 https://www.desss.com/c-plus-plus-consulting-advisory-company.html ,NOT OK: HTTP response code 403
 https://www.desss.com/visual-foxpro-migration-vfp-advisory-company.html ,NOT OK: HTTP response code 403
 https://www.desss.com/project-management-advisory-company.html ,NOT OK: HTTP response code 403
 https://www.desss.com/network-admin-consulting-advisory-company.html ,NOT OK: HTTP response code 403
 https://www.desss.com/ecommerce-web-development-advisory-company.html ,NOT OK: HTTP response code 403
 https://www.desss.com/sql-server-reporting-consulting-advisory-company.html ,NOT OK: HTTP response code 403
 https://www.desss.com/mysql-database-server-consulting-advisory-company.html ,NOT OK: HTTP response code 403
 https://www.desss.com/informatica-consulting-advisory-company.html ,NOT OK: HTTP response code 403
 https://www.desss.com/actuate-consulting-advisory-company.html ,NOT OK: HTTP response code 403
 https://www.desss.com/micro-strategy-consulting-advisory-company.html ,NOT OK: HTTP response code 403
 https://www.desss.com/oracle-obiee-consulting-advisory-company.html ,NOT OK: HTTP response code 403
 https://www.desss.com/web-portal-development-consulting-advisory-company.html ,NOT OK: HTTP response code 403
 https://www.desss.com/spanish-english-translation-consulting-advisory-companyl.html ,NOT OK: HTTP response code 403
 https://www.desss.com/french-english-translation-consulting-advisory-company.html ,NOT OK: HTTP response code 403
 https://www.desss.com/chinese-english-translation-consulting-advisory-company.html ,NOT OK: HTTP response code 403
 https://www.desss.com/german-english-translation-consulting-advisory-company.html ,NOT OK: HTTP response code 403
 https://www.desss.com/legal-document-translation-consulting-advisory-company.html ,NOT OK: HTTP response code 403
 https://www.desss.com/partnership-deed-translation-consulting-advisory-company.html ,NOT OK: HTTP response code 403
 https://www.desss.com/share-certificate-translation-consulting-advisory-company.html ,NOT OK: HTTP response code 403
 https://www.desss.com/marketing-translation-consulting-advisory-company.html ,NOT OK: HTTP response code 403
 https://www.desss.com/pr-translation-consulting-advisory-company.html ,NOT OK: HTTP response code 403
 https://www.desss.com/technical-translation-consulting-advisory-company.html ,NOT OK: HTTP response code 403
 https://www.desss.com/financial-translation-consulting-advisory-company.html ,NOT OK: HTTP response code 403
 https://www.desss.com/medical-translation-consulting-advisory-company.html ,NOT OK: HTTP response code 403
 https://www.desss.com/pharmaceutical-translation-consulting-advisory-company.html ,NOT OK: HTTP response code 403
 https://www.desss.com/science-translation-consulting-advisory-company.html ,NOT OK: HTTP response code 403
 https://www.desss.com/business-economics-translation-consulting-advisory-company.html ,NOT OK: HTTP response code 403
 https://www.desss.com/insurance-translation-consulting-advisory-company.html ,NOT OK: HTTP response code 403
 https://www.desss.com/birth-certificate-translation-consulting-advisory-company.html ,NOT OK: HTTP response code 403
 https://www.desss.com/portfolio.php ,NOT OK: HTTP response code 403
 https://www.desss.com/sharepoint-solutions-consulting-advisory-company.html ,NOT OK: HTTP response code 403
 https://www.desss.com/ ,NOT OK: HTTP response code 403
 https://www.desss.com/android-application-app-development-consulting-advisory-company.html ,NOT OK: HTTP response code 403
 https://www.desss.com/android-game-development-consulting-advisory-company.html ,NOT OK: HTTP response code 403
 https://www.desss.com/apple-iphone-game-development-consulting-advisory-company.html ,NOT OK: HTTP response code 403
 https://www.desss.com/ipad-game-development-consulting-advisory-company.html ,NOT OK: HTTP response code 403
 https://www.desss.com/windows-mobile-application-development-consulting-advisory-company.html ,NOT OK: HTTP response code 403
 https://www.desss.com/application-development-consulting-advisory-company.html ,NOT OK: HTTP response code 403
 https://www.desss.com/application-integration-consulting-advisory-company.html ,NOT OK: HTTP response code 403
 https://www.desss.com/agile-development-consulting-advisory-company.html ,NOT OK: HTTP response code 403
 https://www.desss.com/enterprise-mobility-consulting-advisory-company.html ,NOT OK: HTTP response code 403
 https://www.desss.com/business-analytics-consulting-advisory-company.html ,NOT OK: HTTP response code 403
 https://www.desss.com/cloud-consulting-advisory-company.html ,NOT OK: HTTP response code 403
 https://www.desss.com/customer-relationship-management-solution-providing-consulting-advisory-company-firm.html ,NOT OK: HTTP response code 403
 https://www.desss.com/infrastructure-managed-services-consulting-advisory-company.html ,NOT OK: HTTP response code 403
 https://www.desss.com/mobility-consulting-solution-consulting-advisory-company.html ,NOT OK: HTTP response code 403
 https://www.desss.com/security-governance-consulting-advisory-company.html ,NOT OK: HTTP response code 403
 https://www.desss.com/portal-content-management-solution-consulting-advisory-company.html ,NOT OK: HTTP response code 403
 https://www.desss.com/master-data-management-consulting-advisory-company.html ,NOT OK: HTTP response code 403
 https://www.desss.com/process-advisory-consulting-advisory-company.html ,NOT OK: HTTP response code 403
 https://www.desss.com/upgrades-migrations-consulting-advisory-company.html ,NOT OK: HTTP response code 403
 https://www.desss.com/planning-forecasting-consulting-advisory-company.html ,NOT OK: HTTP response code 403
 https://www.desss.com/enterprise-performance-management-epm-Integration-consulting-advisory-company.html ,NOT OK: HTTP response code 403
 https://www.desss.com/database-administration-dba-consulting-advisory-company.html ,NOT OK: HTTP response code 403
 https://www.desss.com/python-consulting-advisory-company.html ,NOT OK: HTTP response code 403
 https://www.desss.com/spotfire-data-visualization-and-analytics-software-consulting-advisory-company.html ,NOT OK: HTTP response code 403
 https://www.desss.com/qlikView-qliksense-consulting-advisory-company.html ,NOT OK: HTTP response code 403
 https://www.desss.com/tableau-business-Intelligence-and-analytics-consulting-advisory-company.html ,NOT OK: HTTP response code 403
 https://www.desss.com/boomi-master-data-management-solution-consulting-advisory-company.html ,NOT OK: HTTP response code 403
 https://www.desss.com/sugar-crm-solutions-consulting-advisory-company.html ,NOT OK: HTTP response code 403
 https://www.desss.com/zoho-crm-solutions-consulting-advisory-company.html ,NOT OK: HTTP response code 403
 https://www.desss.com/salesforce-crm-solutions-consulting-advisory-company.html ,NOT OK: HTTP response code 403
 https://www.desss.com/netsuite-crm-solutions-consulting-advisory-company.html ,NOT OK: HTTP response code 403
 https://www.desss.com/oracle-atg-web-commerce-consulting-advisory-company.html ,NOT OK: HTTP response code 403
 https://www.desss.com/hybris-ecommerce-consulting-advisory-company.html ,NOT OK: HTTP response code 403
 https://www.desss.com/software-testing-consulting-advisory-company.html ,NOT OK: HTTP response code 403
 https://www.desss.com/mobile-application-app-testing-consulting-advisory-company.html ,NOT OK: HTTP response code 403
 https://www.desss.com/Web-application-testing-consulting-advisory-company.html ,NOT OK: HTTP response code 403
 https://www.desss.com/desktop-applicaiton-app-testing-consulting-advisory-company.html ,NOT OK: HTTP response code 403
 https://www.desss.com/functional-testing-consulting-consulting-advisory-company.html ,NOT OK: HTTP response code 403
 https://www.desss.com/integration-testing-consulting-advisory-company.html ,NOT OK: HTTP response code 403
 https://www.desss.com/load-testing-consulting-advisory-company.html ,NOT OK: HTTP response code 403
 https://www.desss.com/performence-testing-consulting-advisory-company.html ,NOT OK: HTTP response code 403
 https://www.desss.com/regression-testing-consulting-advisory-company.html ,NOT OK: HTTP response code 403
 https://www.desss.com/stress-testing-consulting-advisory-company.html ,NOT OK: HTTP response code 403
 https://www.desss.com/jd-edwards-enterpriseone-erp-consulting-advisory-company.html ,NOT OK: HTTP response code 403
 https://www.desss.com/Oracle-ebusiness-suite-consulting-advisory-company.html ,NOT OK: HTTP response code 403
 https://www.desss.com/sap-business-bydesign-consulting-advisory-company.html ,NOT OK: HTTP response code 403
 https://www.desss.com/sap-business-one-consulting-advisory-company.html ,NOT OK: HTTP response code 403
 https://www.desss.com/epicor-consulting-advisory-company.html ,NOT OK: HTTP response code 403
 https://www.desss.com/infor-erp-consulting-advisory-company.html ,NOT OK: HTTP response code 403
 https://www.desss.com/qad-erp-consulting-advisory-company.html ,NOT OK: HTTP response code 403
 https://www.desss.com/global-shop-erp-consulting-advisory-company.html ,NOT OK: HTTP response code 403
 https://www.desss.com/sage-erp-consulting-advisory-company.html ,NOT OK: HTTP response code 403
 https://www.desss.com/concur-consulting-advisory-company.html ,NOT OK: HTTP response code 403
 https://www.desss.com/adp-payroll-consulting-advisory-company.html ,NOT OK: HTTP response code 403
 https://www.desss.com/infinityqs-statistical-process-Control-consulting-advisory-company.html ,NOT OK: HTTP response code 403
 https://www.desss.com/odata-protocal-consulting-advisory-company.html ,NOT OK: HTTP response code 403
 https://www.desss.com/workday-finance-hrm-consulting-advisory-company.html ,NOT OK: HTTP response code 403
 https://www.desss.com/rackspace-manage-dedicated-cloud-computing-consulting-advisory-company.html ,NOT OK: HTTP response code 403
 https://www.desss.com/amazon-web-services-aws-cloud-computing-consulting-advisory-company.html ,NOT OK: HTTP response code 403
 https://www.desss.com/microsoft-azure-cloud-computing-platform-consulting-advisory-company.html ,NOT OK: HTTP response code 403
 https://www.desss.com/oracle-cloud-enterprise-cloud-computing-saas-paas-laas-consulting-advisory-company.html ,NOT OK: HTTP response code 403
 https://www.desss.com/bullhorn-api-web-consulting-advisory-company.html ,NOT OK: HTTP response code 403
 https://www.desss.com/microsoft-power-business-intelligence-bi-analytics-Solutions-consulting-advisory-company.html ,NOT OK: HTTP response code 403
 https://www.desss.com/bv-commerce-asp-net-shopping-cart-consulting-advisory-company.html ,NOT OK: HTTP response code 403
 https://www.desss.com/volusion-ecommerce-software-shopping-cart-solutions-consulting-advisory-company.html ,NOT OK: HTTP response code 403
 https://www.desss.com/dotnetnuke-dnn-content-management-system-cms-consulting-advisory-company.html ,NOT OK: HTTP response code 403
 https://www.desss.com/epicor-prophet-21-wholesale-distribution-software-consulting-advisory-company.html ,NOT OK: HTTP response code 403
 https://www.desss.com/epicor-eagle-retail-business-management-system-consulting-advisory-company.html ,NOT OK: HTTP response code 403
 https://www.desss.com/epicor-warehouse-management-system-WMS-consulting-advisory-company.html ,NOT OK: HTTP response code 403
 https://www.desss.com/kepware-kepserverex-communications-automation-consulting-advisory-company.html ,NOT OK: HTTP response code 403
 https://www.desss.com/kepware-linkmasteropc-bridging-consulting-advisory-company.html ,NOT OK: HTTP response code 403
 https://www.desss.com/success.html ,NOT OK: HTTP response code 403
 https://www.desss.com/ecommerce.html ,NOT OK: HTTP response code 403
 https://www.desss.com/Magento.html ,NOT OK: HTTP response code 403
 https://www.desss.com/mysql-consulting-advisory-company.html ,NOT OK: HTTP response code 403
 https://www.desss.com/microstrategy10-6-updates.html ,NOT OK: HTTP response code 403
 https://www.desss.com/dynamics-nav-implementation-consulting-advisory-company.html ,NOT OK: HTTP response code 403
 https://www.desss.com/dynamcis-ax-consulting-advisory-implementation-company.html ,NOT OK: HTTP response code 403
 https://www.desss.com/dynamics-gp-great-plains-advisory-consulting-company.html ,NOT OK: HTTP response code 403
 https://www.desss.com/ibm-maximo-enterprise-asset-management-solutions-EAMS-advisory-consulting-company.html ,NOT OK: HTTP response code 403
 https://www.desss.com/sailPoint-identity-access-management-IAM-IdentityIQ-IdentityNow-consulting.html ,NOT OK: HTTP response code 403
 https://www.desss.com/oracle-business-intelligence-BI-publisher-dashboard-advisory-consulting.html ,NOT OK: HTTP response code 403
 https://www.desss.com/Salesforce-commerce-cloud-demandware-consulting-advisory.html ,NOT OK: HTTP response code 403
 https://www.desss.com/affiliate-companies.html ,NOT OK: HTTP response code 403
 https://www.desss.com/ibm-websphere-commerce-consulting-advisory.html ,NOT OK: HTTP response code 403
 https://www.desss.com/sitecore-consulting-advisory.html ,NOT OK: HTTP response code 403
 https://www.desss.com/netsuite-suiteCommerce-consulting-advisory.html ,NOT OK: HTTP response code 403
 https://www.desss.com/shopify-consulting-advisory.html ,NOT OK: HTTP response code 403
 https://www.desss.com/kentico-consulting-advisory.html ,NOT OK: HTTP response code 403
 https://www.desss.com/marketo-consulting-advisory.html ,NOT OK: HTTP response code 403
 https://www.desss.com/mintigo-consulting-advisory.html ,NOT OK: HTTP response code 403
 https://www.desss.com/r-machine-learning-consulting-advisory.html ,NOT OK: HTTP response code 403
 https://www.desss.com/netSuite-erp-consulting-advisory-company.html ,NOT OK: HTTP response code 403
 https://www.desss.com/blockchain-consulting-advisory-company.html ,NOT OK: HTTP response code 403
 https://www.desss.com/artificial-intelligence-consulting-advisory.html ,NOT OK: HTTP response code 403
 https://www.desss.com/internet-of-things-IoT-consulting-advisory.html ,NOT OK: HTTP response code 403
 https://www.desss.com/salesforce-consulting-advisory-implementation.html ,NOT OK: HTTP response code 403
 https://www.desss.com/quickbooks-integration-consulting-advisory-implementation.html ,NOT OK: HTTP response code 403
 https://www.desss.com/augmented-Reality-solutions-consulting-advisory.html ,NOT OK: HTTP response code 403
 https://www.desss.com/virtual-Reality-consulting-advisory-company.html ,NOT OK: HTTP response code 403
 https://www.desss.com/Job-apply.html ,NOT OK: HTTP response code 403
 https://www.desss.com/adobe-experience-manager-consulting-advisory-company.html ,NOT OK: HTTP response code 403
 https://www.desss.com/social-media-optimization.html ,NOT OK: HTTP response code 403
 https://www.desss.com/reputation-management-services.html ,NOT OK: HTTP response code 403
 https://www.desss.com/search-engine-optimization-seo.html ,NOT OK: HTTP response code 403
 https://www.desss.com/content-writing-agency.html ,NOT OK: HTTP response code 403
 https://www.desss.com/branding.html ,NOT OK: HTTP response code 403
 https://www.desss.com/social-media-advertising.html ,NOT OK: HTTP response code 403
 https://www.desss.com/email-marketing.html ,NOT OK: HTTP response code 403
 https://www.desss.com/video-production.html ,NOT OK: HTTP response code 403
 https://www.desss.com/copywriting.html ,NOT OK: HTTP response code 403
 https://www.desss.com/pay-per-click-ppc-advertising.html ,NOT OK: HTTP response code 403
 https://www.desss.com/Google-my-business-listing-local-seo.html ,NOT OK: HTTP response code 403
 https://www.desss.com/web-analytics-services.html ,NOT OK: HTTP response code 403
 https://www.desss.com/amazon-web-services-aws-business-applications-software-consulting.html ,NOT OK: HTTP response code 403
 https://www.desss.com/faq.html ,NOT OK: HTTP response code 403
 https://www.desss.com/woocommerce-ecommerce-consulting-company.html ,NOT OK: HTTP response code 403
 https://www.desss.com/Latest-Release-of-Prophet-21-Architecture-Helps-Distributors.html ,NOT OK: HTTP response code 403
 https://www.desss.com/test_portfolio_services.html ,NOT OK: HTTP response code 403
 https://www.desss.com/desss-test-1101.html ,NOT OK: HTTP response code 403
 https://www.desss.com/design test.html ,NOT OK: HTTP response code 403
 https://www.desss.com/adobe-commerce-magento-consulting-services.html ,NOT OK: HTTP response code 403
 https://www.desss.com/bigcommerce-consulting-services.html ,NOT OK: HTTP response code 403
 https://www.desss.com/desss-test-1101-in-austin.html ,NOT OK: HTTP response code 403
 https://www.desss.com/design test-in-austin.html ,NOT OK: HTTP response code 403
 https://www.desss.com/hcl-commerce-consulting.html ,NOT OK: HTTP response code 403
 https://www.desss.com/test.html ,NOT OK: HTTP response code 403
 https://www.desss.com/blog/Web-Development-Company-Houston.html ,NOT OK: HTTP response code 403
 https://www.desss.com/blog/iPhone-Application-Development.html ,NOT OK: HTTP response code 403
 https://www.desss.com/blog/ecommerce-website-solutions.html ,NOT OK: HTTP response code 403
 https://www.desss.com/blog/ecommerce-website-designing-houston-texas.html ,NOT OK: HTTP response code 403
 https://www.desss.com/blog/mobile-app-development-small-large-business.html ,NOT OK: HTTP response code 403
 https://www.desss.com/blog/website-for-small-and-large-business.html ,NOT OK: HTTP response code 403
 https://www.desss.com/blog/need-mobile-apps-for-business.html ,NOT OK: HTTP response code 403
 https://www.desss.com/blog/software-application-testing.html ,NOT OK: HTTP response code 403
 https://www.desss.com/blog/thinking-of-a-new-website.html ,NOT OK: HTTP response code 403
 https://www.desss.com/blog/need-website-for-my-business.html ,NOT OK: HTTP response code 403
 https://www.desss.com/blog/looking-for-website-development-houston.html ,NOT OK: HTTP response code 403
 https://www.desss.com/blog/need-web-solution-small-business.html ,NOT OK: HTTP response code 403
 https://www.desss.com/blog/joomla-website-development-features.html ,NOT OK: HTTP response code 403
 https://www.desss.com/blog/mobile-app-development-services.html ,NOT OK: HTTP response code 403
 https://www.desss.com/blog/Informatica-powering-data-driven-marketing-with-contact-data-verification.html ,NOT OK: HTTP response code 403
 https://www.desss.com/blog/seo-the-simple-formula-of-ranking-traffic-conversion.html ,NOT OK: HTTP response code 403
 https://www.desss.com/blog/why-mobile-app-important-houston.html ,NOT OK: HTTP response code 403
 https://www.desss.com/blog/how-to-design-decent-website-for-my-business-fast.html ,NOT OK: HTTP response code 403
 https://www.desss.com/blog/web-design-development-services-company-houston-blog.html ,NOT OK: HTTP response code 403
 https://www.desss.com/blog/online-marketing-techniques-dos-and-donts.html ,NOT OK: HTTP response code 403
 https://www.desss.com/blog/drupal-development-company-houston-blog.html ,NOT OK: HTTP response code 403
 https://www.desss.com/blog/mobile-app-development-healthcare.html ,NOT OK: HTTP response code 403
 https://www.desss.com/blog/Why-Modernize-Your-VFP.html ,NOT OK: HTTP response code 403
 https://www.desss.com/blog/Is-Dot-NET-Useful-for-Web-Development ,NOT OK: HTTP response code 403
 https://www.desss.com/blog/What-Is-The-Importance-Of-Mobile-Apps-In-Business-Today ,NOT OK: HTTP response code 403
 https://www.desss.com/blog/Avoid-These-Common-Mistakes-with-SharePoint ,NOT OK: HTTP response code 403
 https://www.desss.com/blog/Is-SharePoint-Good-For-Knowledge-Base ,NOT OK: HTTP response code 403
 https://www.desss.com/blog/What-Is-Microsoft-SharePoint-And-How-It-Can-Benefit-Future-Workplaces ,NOT OK: HTTP response code 403
 https://www.desss.com/blog/Should-You-Use-Progressive-Web-Apps ,NOT OK: HTTP response code 403
 https://www.desss.com/blog/Getting-Started-With-Crystal-Reports.html ,NOT OK: HTTP response code 403
 https://www.desss.com/blog/Exploring-Tableau-An-Excellent-Business-Intelligence-Tool.html ,NOT OK: HTTP response code 403
 https://www.desss.com/blog/asp-net-web-application-development-consulting-services-company.html ,NOT OK: HTTP response code 403
 https://www.desss.com/blog/epicor-prophet-21-wholesale-distribution-software-consulting-advisory-company.html ,NOT OK: HTTP response code 403
 https://www.desss.com/blog/Learn-the-Insights-and-Features-of-Prophet-21.html ,NOT OK: HTTP response code 403
 https://www.desss.com/blog/Prophet-21-The-Finest-Solution-for-Wholesale-Distributors.html ,NOT OK: HTTP response code 403
 https://www.desss.com/blog/Reasons-Why-Should-You-Choose-Crystal-Reports.html ,NOT OK: HTTP response code 403
 https://www.desss.com/blog/Latest-Release-of-Prophet-21-Architecture-Helps-Distributors.html ,NOT OK: HTTP response code 403
 https://www.desss.com/blog/Why-Is-Mobile-App-Development-Getting-More-Popular-Nowadays ,NOT OK: HTTP response code 403
 https://www.desss.com/blog/Why-Is-Web-App-Consulting-Service-Important-For-Your-Business ,NOT OK: HTTP response code 403
 https://www.desss.com/blog/Optimize-Your-e-commerce-Business.html ,NOT OK: HTTP response code 403
 https://www.desss.com/blog/Why-to-Choose-the-SharePoint-Consulting-Services-for-Your-Business.html ,NOT OK: HTTP response code 403
 https://www.desss.com/blog/Struggling-To-Reach-the-Target-Audience.html ,NOT OK: HTTP response code 403
 https://www.desss.com/blog/Salesforce-DevOps-Low-Code-Platform.html ,NOT OK: HTTP response code 403
 https://www.desss.com/blog/How-Blockchain-Consulting-Can-Help-Grow-Your-Business.html ,NOT OK: HTTP response code 403
 https://www.desss.com/event/cricket.html ,NOT OK: HTTP response code 403
 https://www.desss.com/event/# ,OK: 200
 https://www.desss.com/portfolio/hats-ecommerce-zencart-website-design-company-in-houston-dallas-austin-san-antonio.html ,NOT OK: HTTP response code 403
 https://www.desss.com/portfolio/beauty-spa-products-equipment-eCommerce-retail-website.html ,NOT OK: HTTP response code 403
 https://www.desss.com/portfolio/creative-services-ecommerce-joomla-web-design-company.html ,NOT OK: HTTP response code 403
 https://www.desss.com/portfolio/firearms-weapons-militarily-bigcommerce-web-design-company.html ,NOT OK: HTTP response code 403
 https://www.desss.com/portfolio/ecommerce-wordpress-sweet-shop-website-design-company-in-houston.html ,NOT OK: HTTP response code 403
 https://www.desss.com/portfolio/loans-veterans-va-advisory-website-design-company-houston.html ,NOT OK: HTTP response code 403
 https://www.desss.com/portfolio/ac-maintenance-website-design-houston-dallas-austion.html ,NOT OK: HTTP response code 403
 https://www.desss.com/portfolio/furnace-air-conditioning-heating-repair-tune-up-web-design-houston.html ,NOT OK: HTTP response code 403
 https://www.desss.com/portfolio/cultural-event-social-sport-magazine-joomla-web-design-development-company.html ,NOT OK: HTTP response code 403
 https://www.desss.com/portfolio/toner-magento-eCommerce-retail-website-development.html ,NOT OK: HTTP response code 403
 https://www.desss.com/portfolio/ecommerce-restaurant-industry-magento.html ,NOT OK: HTTP response code 403
 https://www.desss.com/portfolio/wordpress-content-management-system-architectural-elements.html ,NOT OK: HTTP response code 403
 https://www.desss.com/portfolio/CRM-customer-relationship-management-company-consulting-design-development.html ,NOT OK: HTTP response code 403
 https://www.desss.com/portfolio/help-desk-website-design-IT-Solution-online.html ,NOT OK: HTTP response code 403
 https://www.desss.com/portfolio/oil-and-gas-joomla-content-management-system-webdesign-web-development-company.html ,NOT OK: HTTP response code 403
 https://www.desss.com/portfolio/share-point-business-wordpress-content-management-system-webdesign-web-development-company.html ,NOT OK: HTTP response code 403
 https://www.desss.com/portfolio/audit-it-security-information-technology-wordpress-content-management-system-webdesign-web-development-company.html ,NOT OK: HTTP response code 403
 https://www.desss.com/portfolio/Air-conditioner-wordpress-webdesign-web-development-company.html ,NOT OK: HTTP response code 403
 https://www.desss.com/portfolio/medical-healthcare-joomla-website-design-company.html ,NOT OK: HTTP response code 403
 https://www.desss.com/portfolio/medical-healthcare-wordpress-design-development-company-houston.html ,NOT OK: HTTP response code 403
 https://www.desss.com/portfolio/air-conditioning-heating-maintenance-services-website-design-development-houston-austin-dallas-san-antonio.html ,NOT OK: HTTP response code 403
 https://www.desss.com/portfolio/jewelry-eCommerce-retail-website-design-development.html ,NOT OK: HTTP response code 403
 https://www.desss.com/portfolio/real-estate-web-design-development-company.html ,NOT OK: HTTP response code 403
 https://www.desss.com/portfolio/oil-and-gas-wordpress-website-design-development-consulting-company.html ,NOT OK: HTTP response code 403
 https://www.desss.com/portfolio/auto-parts-magento-ecommerce-customization-developer-company.html ,NOT OK: HTTP response code 403
 https://www.desss.com/portfolio/soccer-sports-website-ecommerce-magento-web-design-houston-dallas-austin-san-antonio.html ,NOT OK: HTTP response code 403
 https://www.desss.com/portfolio/lawyers-website-design-development-company-houston.html ,NOT OK: HTTP response code 403
 https://www.desss.com/portfolio/small-business-website-design-wordpress-development-company-houston.html ,NOT OK: HTTP response code 403
 https://www.desss.com/portfolio/medical-healthcare-website-design-development-company.html ,NOT OK: HTTP response code 403
 https://www.desss.com/portfolio/newspaper-magazine-online-news-multimedia-wordpress-website-design-and-development.html ,NOT OK: HTTP response code 403
 https://www.desss.com/portfolio/custom-printing-retail-ecommerce-web-design-web-development-company.html ,NOT OK: HTTP response code 403
 https://www.desss.com/portfolio/content-management-system-consulting-language-education-institute-wordpress-websites-design.html ,NOT OK: HTTP response code 403
 https://www.desss.com/portfolio/ecommerce-pets-accesories-food-for-pets.html ,NOT OK: HTTP response code 403
 https://www.desss.com/portfolio/music-entertainment-video-net-web-design.html ,NOT OK: HTTP response code 403
 https://www.desss.com/portfolio/food-catering-industry-wordpress-website-design-development-company.html ,NOT OK: HTTP response code 403
 https://www.desss.com/portfolio/magento-ecommerce-tennis-sports-retail-company-houston.html ,NOT OK: HTTP response code 403
 https://www.desss.com/portfolio/refining-chemical-engineer-joomla-content-management-system-webdesign-web-development-company.html ,NOT OK: HTTP response code 403
 https://www.desss.com/portfolio/telecommunications-equipment-supplies-xcart-ecommerce-company.html ,NOT OK: HTTP response code 403
 https://www.desss.com/portfolio/oil-gas-website-php-design-development-company.html ,NOT OK: HTTP response code 403
 https://www.desss.com/portfolio/orthodontist.html ,NOT OK: HTTP response code 403
 https://www.desss.com/portfolio/non-profit-organization-jommla-web-design-development.html ,NOT OK: HTTP response code 403
 https://www.desss.com/portfolio/Advertising-coupons-grocery-stores-website-design-development-company.html ,NOT OK: HTTP response code 403
 https://www.desss.com/portfolio/oil-and-gas-wordpress-content-management-system-webdesign-web-development-company.html ,NOT OK: HTTP response code 403
 https://www.desss.com/portfolio/android-app-development-storage-tracking-organizer.html ,NOT OK: HTTP response code 403
 https://www.desss.com/portfolio/helpdesk-app-android-development-task-business.html ,NOT OK: HTTP response code 403
 https://www.desss.com/portfolio/app-android-food-drink-point-of-sale.html ,NOT OK: HTTP response code 403
 https://www.desss.com/portfolio/android-dentist-app-developer-houston.html ,NOT OK: HTTP response code 403
 https://www.desss.com/portfolio/android-app-legal-issues-concern-questions-reach-attorney.html ,NOT OK: HTTP response code 403
 https://www.desss.com/portfolio/virtual-crm-business-app-technology.html ,NOT OK: HTTP response code 403
 https://www.desss.com/portfolio/mix-tapes-app-music-entertainment-android-technology.html ,NOT OK: HTTP response code 403
 https://www.desss.com/portfolio/skin-care-ecommerce-retail-website-design-ecommerce-consulting-company.html ,NOT OK: HTTP response code 403
 https://www.desss.com/portfolio/mobile-app-networking-events-ios-devices.html ,NOT OK: HTTP response code 403
 https://www.desss.com/portfolio/architects-design-web-design-web-development-company-houston.html ,NOT OK: HTTP response code 403
 https://www.desss.com/portfolio/landscape-services-artificial-turf-web-design-web-development-houston.html ,NOT OK: HTTP response code 403
 https://www.desss.com/portfolio/personal-biographic-web-design-web-development-houston.html ,NOT OK: HTTP response code 403
 https://www.desss.com/portfolio/non-profit-organization-php-web-design-web-development-company-houston.html ,NOT OK: HTTP response code 403
 https://www.desss.com/portfolio/door-hardware-locks-cylinders-ecommerce-web-design-houston.html ,NOT OK: HTTP response code 403
 https://www.desss.com/portfolio/staffing-industry-php-web-design-web-development.html ,NOT OK: HTTP response code 403
 https://www.desss.com/portfolio/computer-printer-technical-support-home-commercial-computer-services-web-design-web-development-houston.html ,NOT OK: HTTP response code 403
 https://www.desss.com/portfolio/computer-jobs-recruitment-web-design-web-development.html ,NOT OK: HTTP response code 403
 https://www.desss.com/portfolio/hydraulic-flanges-components-drupal-ecommerce-website-design-web-development-houston.html ,NOT OK: HTTP response code 403
 https://www.desss.com/portfolio/business-estate-valuations-php-web-design-web-development-houston.html ,NOT OK: HTTP response code 403
 https://www.desss.com/portfolio/landscape-services-joomla-content-management-system-consulting-development-houston.html ,NOT OK: HTTP response code 403
 https://www.desss.com/portfolio/trophy-supplies-wholesale-asp-net-ecommerce-web-design-web-development-company-houston.html ,NOT OK: HTTP response code 403
 https://www.desss.com/portfolio/trophies-wholesale-retail-microsoft-asp-net-ecommerce-web-design-web-development.html ,NOT OK: HTTP response code 403
 https://www.desss.com/portfolio/allergy-clinic-web-design-development-houston.html ,NOT OK: HTTP response code 403
 https://www.desss.com/portfolio/book-charter-flight-tool-android-app-development-design.html ,NOT OK: HTTP response code 403
 https://www.desss.com/portfolio/restaurant-counter-food-delivery-android-app-design-development.html ,NOT OK: HTTP response code 403
 https://www.desss.com/portfolio/real-estate-android-app-development-houston.html ,NOT OK: HTTP response code 403
 https://www.desss.com/portfolio/ergonomic-seating-and-accessories-wordpress-webdesign-and-development.html ,NOT OK: HTTP response code 403
 https://www.desss.com/portfolio/pediatric-clinic-medical-dental-counseling-web-design-web-development-houston.html ,NOT OK: HTTP response code 403
 https://www.desss.com/portfolio/electrical-services-solution-residential-commercial-web-design-development-houston.html ,NOT OK: HTTP response code 403
 https://www.desss.com/portfolio/metaphysics-tarot-spiritual-tools-web-design-web-development.html ,NOT OK: HTTP response code 403
 https://www.desss.com/portfolio/pediatric-clinic-web-design-web-development.html ,NOT OK: HTTP response code 403
 https://www.desss.com/portfolio/healthcare-neurological-neuromuscular-examination-services-web-design-web-development ,NOT OK: HTTP response code 403
 https://www.desss.com/portfolio/dental-care-dentist-web-design-development-houston.html ,NOT OK: HTTP response code 403
 https://www.desss.com/portfolio/dental-clinic-adults-pediatric-web-design-web-development-houston.html ,NOT OK: HTTP response code 403
 https://www.desss.com/portfolio/tree-services-residential-commercial-web-design-web-development.html ,NOT OK: HTTP response code 403
 https://www.desss.com/portfolio/digestive-liver-clinic-specialist-web-design-web-development.html ,NOT OK: HTTP response code 403
 https://www.desss.com/portfolio/pediatric-practice-clinic-web-design-web-development.html ,NOT OK: HTTP response code 403
 https://www.desss.com/portfolio/commercial-building-construction-web-design-web-development-houston.html ,NOT OK: HTTP response code 403
 https://www.desss.com/portfolio/law-firm-content-management-system-consulting-development-houston.html ,NOT OK: HTTP response code 403
 https://www.desss.com/portfolio/ncrowd.html ,NOT OK: HTTP response code 403
 https://www.desss.com/portfolio/marketing-solutions-online-web-design-web-development.html ,NOT OK: HTTP response code 403
 https://www.desss.com/portfolio/zigzan-realtor.html ,NOT OK: HTTP response code 403
 https://www.desss.com/portfolio/geo-fencing.html ,NOT OK: HTTP response code 403
 https://www.desss.com/portfolio/vquiz2u.html ,NOT OK: HTTP response code 403
 https://www.desss.com/portfolio/port.php ,NOT OK: HTTP response code 403
 https://www.desss.com/portfolio/doctors-website-design-company-in-houston.html ,NOT OK: HTTP response code 403
 https://www.desss.com/portfolio/index.html ,NOT OK: HTTP response code 403
 https://www.desss.com/portfolio/drs-Booking-android.html ,NOT OK: HTTP response code 403
 https://www.desss.com/portfolio/real-time-appointment-android.html ,NOT OK: HTTP response code 403
 https://www.desss.com/portfolio/Burn-Calories-android.html ,NOT OK: HTTP response code 403
